time,event,bandwidth
2022/04/09 00:00,0,10
2022/04/09 00:01,0,11
2022/04/09 00:01,0,12
2022/04/09 00:01,0,9
2022/04/09 00:02,0,10
2022/04/09 00:02,0,11
2022/04/09 00:03,0,10
2022/04/09 00:03,0,14
2022/04/09 00:03,0,9
2022/04/09 00:03,0,10
2022/04/09 00:03,0,12
2022/04/09 00:04,0,10
2022/04/09 00:05,0,10
2022/04/09 00:05,0,10
2022/04/09 00:06,0,12
2022/04/09 00:06,0,9
2022/04/09 00:06,0,12
2022/04/09 00:07,0,17
2022/04/09 00:08,0,9
2022/04/09 00:08,0,11
2022/04/09 00:09,0,13
2022/04/09 00:09,0,10
2022/04/09 00:10,0,9
2022/04/09 00:11,0,10
2022/04/09 00:11,0,13
2022/04/09 00:12,0,12
2022/04/09 00:12,0,12
2022/04/09 00:12,0,16
2022/04/09 00:12,0,17
2022/04/09 00:13,0,9
2022/04/09 00:13,0,12
2022/04/09 00:13,0,16
2022/04/09 00:13,0,16
2022/04/09 00:13,0,13
2022/04/09 00:14,0,11
2022/04/09 00:14,0,9
2022/04/09 00:15,0,12
2022/04/09 00:15,0,13
2022/04/09 00:16,0,13
2022/04/09 00:16,0,12
2022/04/09 00:17,0,9
2022/04/09 00:17,0,12
2022/04/09 00:17,0,12
2022/04/09 00:17,0,11
2022/04/09 00:18,0,15
2022/04/09 00:18,0,10
2022/04/09 00:19,0,12
2022/04/09 00:19,0,14
2022/04/09 00:19,0,9
2022/04/09 00:19,0,12
2022/04/09 00:19,0,12
2022/04/09 00:20,0,17
2022/04/09 00:22,0,12
2022/04/09 00:23,0,13
2022/04/09 00:23,0,13
2022/04/09 00:23,0,12
2022/04/09 00:23,0,17
2022/04/09 00:24,0,12
2022/04/09 00:24,0,12
2022/04/09 00:25,0,9
2022/04/09 00:25,0,17
2022/04/09 00:26,0,9
2022/04/09 00:26,0,17
2022/04/09 00:26,0,9
2022/04/09 00:26,0,14
2022/04/09 00:26,0,12
2022/04/09 00:26,0,14
2022/04/09 00:27,0,13
2022/04/09 00:27,0,10
2022/04/09 00:27,0,11
2022/04/09 00:29,0,10
2022/04/09 00:29,0,13
2022/04/09 00:29,0,10
2022/04/09 00:30,0,13
2022/04/09 00:32,0,15
2022/04/09 00:33,0,10
2022/04/09 00:33,0,14
2022/04/09 00:33,0,12
2022/04/09 00:34,0,12
2022/04/09 00:35,0,13
2022/04/09 00:35,0,12
2022/04/09 00:36,0,10
2022/04/09 00:36,0,12
2022/04/09 00:36,0,9
2022/04/09 00:36,0,11
2022/04/09 00:37,0,10
2022/04/09 00:38,0,11
2022/04/09 00:38,0,10
2022/04/09 00:38,0,9
2022/04/09 00:39,0,12
2022/04/09 00:39,0,13
2022/04/09 00:39,0,10
2022/04/09 00:39,0,11
2022/04/09 00:40,0,10
2022/04/09 00:40,0,9
2022/04/09 00:40,0,16
2022/04/09 00:41,0,16
2022/04/09 00:41,0,13
2022/04/09 00:42,0,9
2022/04/09 00:44,0,12
2022/04/09 00:45,0,14
2022/04/09 00:45,0,10
2022/04/09 00:45,0,10
2022/04/09 00:45,0,17
2022/04/09 00:46,0,12
2022/04/09 00:47,0,14
2022/04/09 00:48,0,13
2022/04/09 00:48,0,13
2022/04/09 00:49,0,11
2022/04/09 00:50,0,13
2022/04/09 00:50,0,12
2022/04/09 00:50,0,13
2022/04/09 00:51,0,13
2022/04/09 00:52,0,14
2022/04/09 00:53,0,13
2022/04/09 00:53,0,9
2022/04/09 00:53,0,13
2022/04/09 00:54,0,13
2022/04/09 00:55,0,16
2022/04/09 00:55,0,17
2022/04/09 00:56,0,12
2022/04/09 00:57,0,9
2022/04/09 00:57,0,10
2022/04/09 00:57,0,17
2022/04/09 00:58,0,14
2022/04/09 00:59,0,10
2022/04/09 00:59,0,11
2022/04/09 01:00,0,11
2022/04/09 01:00,0,10
2022/04/09 01:00,0,11
2022/04/09 01:01,0,15
2022/04/09 01:02,0,9
2022/04/09 01:02,0,11
2022/04/09 01:04,0,13
2022/04/09 01:04,0,9
2022/04/09 01:04,0,12
2022/04/09 01:04,0,10
2022/04/09 01:05,0,11
2022/04/09 01:05,0,11
2022/04/09 01:05,0,10
2022/04/09 01:05,0,10
2022/04/09 01:05,0,14
2022/04/09 01:05,0,10
2022/04/09 01:05,0,15
2022/04/09 01:06,0,12
2022/04/09 01:07,0,13
2022/04/09 01:07,0,12
2022/04/09 01:07,0,13
2022/04/09 01:07,0,16
2022/04/09 01:08,0,12
2022/04/09 01:10,0,10
2022/04/09 01:10,0,14
2022/04/09 01:10,0,15
2022/04/09 01:11,0,12
2022/04/09 01:11,0,12
2022/04/09 01:12,0,11
2022/04/09 01:12,0,17
2022/04/09 01:12,0,12
2022/04/09 01:14,0,13
2022/04/09 01:14,0,13
2022/04/09 01:15,0,12
2022/04/09 01:15,0,10
2022/04/09 01:15,0,15
2022/04/09 01:16,0,13
2022/04/09 01:16,0,12
2022/04/09 01:16,0,17
2022/04/09 01:17,0,10
2022/04/09 01:18,0,13
2022/04/09 01:19,0,15
2022/04/09 01:19,0,12
2022/04/09 01:19,0,11
2022/04/09 01:19,0,12
2022/04/09 01:19,0,16
2022/04/09 01:21,0,12
2022/04/09 01:21,0,10
2022/04/09 01:21,0,12
2022/04/09 01:21,0,9
2022/04/09 01:22,0,10
2022/04/09 01:22,0,13
2022/04/09 01:22,0,9
2022/04/09 01:23,0,15
2022/04/09 01:23,0,12
2022/04/09 01:24,0,9
2022/04/09 01:24,0,9
2022/04/09 01:24,0,9
2022/04/09 01:26,0,17
2022/04/09 01:28,0,9
2022/04/09 01:28,0,9
2022/04/09 01:29,0,12
2022/04/09 01:30,0,13
2022/04/09 01:30,0,15
2022/04/09 01:31,0,13
2022/04/09 01:31,0,12
2022/04/09 01:32,0,12
2022/04/09 01:32,0,15
2022/04/09 01:32,0,10
2022/04/09 01:33,0,11
2022/04/09 01:34,0,10
2022/04/09 01:37,0,13
2022/04/09 01:38,0,12
2022/04/09 01:38,0,10
2022/04/09 01:38,0,13
2022/04/09 01:38,0,17
2022/04/09 01:39,0,17
2022/04/09 01:39,0,11
2022/04/09 01:39,0,16
2022/04/09 01:39,0,16
2022/04/09 01:39,0,12
2022/04/09 01:39,0,9
2022/04/09 01:39,0,10
2022/04/09 01:40,0,9
2022/04/09 01:40,0,12
2022/04/09 01:41,0,10
2022/04/09 01:41,0,10
2022/04/09 01:42,0,14
2022/04/09 01:42,0,10
2022/04/09 01:42,0,10
2022/04/09 01:42,0,11
2022/04/09 01:43,0,11
2022/04/09 01:43,0,12
2022/04/09 01:43,0,10
2022/04/09 01:43,0,9
2022/04/09 01:44,0,16
2022/04/09 01:45,0,11
2022/04/09 01:46,0,14
2022/04/09 01:46,0,12
2022/04/09 01:47,0,13
2022/04/09 01:47,0,14
2022/04/09 01:47,0,12
2022/04/09 01:47,0,13
2022/04/09 01:48,0,9
2022/04/09 01:48,0,9
2022/04/09 01:48,0,16
2022/04/09 01:49,0,10
2022/04/09 01:50,0,17
2022/04/09 01:51,0,12
2022/04/09 01:51,0,17
2022/04/09 01:51,0,10
2022/04/09 01:52,0,11
2022/04/09 01:54,0,16
2022/04/09 01:54,0,9
2022/04/09 01:54,0,9
2022/04/09 01:54,0,9
2022/04/09 01:55,0,15
2022/04/09 01:55,0,16
2022/04/09 01:56,0,12
2022/04/09 01:56,0,16
2022/04/09 01:56,0,9
2022/04/09 01:57,0,15
2022/04/09 01:58,0,14
2022/04/09 01:58,0,17
2022/04/09 02:00,0,13
2022/04/09 02:00,0,13
2022/04/09 02:01,0,16
2022/04/09 02:01,0,12
2022/04/09 02:02,0,12
2022/04/09 02:02,0,11
2022/04/09 02:02,0,12
2022/04/09 02:03,0,12
2022/04/09 02:03,0,12
2022/04/09 02:04,0,16
2022/04/09 02:04,0,9
2022/04/09 02:04,0,9
2022/04/09 02:05,0,13
2022/04/09 02:05,0,9
2022/04/09 02:05,0,17
2022/04/09 02:06,0,10
2022/04/09 02:06,0,17
2022/04/09 02:07,0,12
2022/04/09 02:07,0,9
2022/04/09 02:07,0,17
2022/04/09 02:07,0,10
2022/04/09 02:07,0,9
2022/04/09 02:08,0,17
2022/04/09 02:08,0,14
2022/04/09 02:08,0,17
2022/04/09 02:08,0,10
2022/04/09 02:09,0,12
2022/04/09 02:09,0,12
2022/04/09 02:10,0,16
2022/04/09 02:10,0,15
2022/04/09 02:11,0,16
2022/04/09 02:12,0,15
2022/04/09 02:13,0,9
2022/04/09 02:13,0,12
2022/04/09 02:13,0,10
2022/04/09 02:13,0,14
2022/04/09 02:13,0,10
2022/04/09 02:14,0,12
2022/04/09 02:14,0,9
2022/04/09 02:14,0,12
2022/04/09 02:15,0,16
2022/04/09 02:16,0,10
2022/04/09 02:17,0,12
2022/04/09 02:18,0,9
2022/04/09 02:18,0,11
2022/04/09 02:18,0,13
2022/04/09 02:18,0,10
2022/04/09 02:20,0,16
2022/04/09 02:20,0,15
2022/04/09 02:20,0,13
2022/04/09 02:21,0,12
2022/04/09 02:21,0,11
2022/04/09 02:22,0,11
2022/04/09 02:23,0,11
2022/04/09 02:24,0,10
2022/04/09 02:25,0,12
2022/04/09 02:25,0,15
2022/04/09 02:25,0,12
2022/04/09 02:25,0,12
2022/04/09 02:26,0,10
2022/04/09 02:26,0,11
2022/04/09 02:27,0,16
2022/04/09 02:27,0,11
2022/04/09 02:27,0,10
2022/04/09 02:27,0,13
2022/04/09 02:27,0,10
2022/04/09 02:28,0,11
2022/04/09 02:28,0,12
2022/04/09 02:29,0,14
2022/04/09 02:29,0,15
2022/04/09 02:29,0,10
2022/04/09 02:30,0,12
2022/04/09 02:30,0,16
2022/04/09 02:30,0,16
2022/04/09 02:31,0,9
2022/04/09 02:31,0,12
2022/04/09 02:31,0,13
2022/04/09 02:32,0,11
2022/04/09 02:32,0,10
2022/04/09 02:32,0,9
2022/04/09 02:33,0,13
2022/04/09 02:33,0,11
2022/04/09 02:34,0,9
2022/04/09 02:35,0,10
2022/04/09 02:35,0,9
2022/04/09 02:35,0,10
2022/04/09 02:36,0,13
2022/04/09 02:36,0,14
2022/04/09 02:37,0,12
2022/04/09 02:38,0,14
2022/04/09 02:39,0,12
2022/04/09 02:39,0,15
2022/04/09 02:39,0,14
2022/04/09 02:40,0,17
2022/04/09 02:41,0,15
2022/04/09 02:41,0,16
2022/04/09 02:41,0,15
2022/04/09 02:41,0,14
2022/04/09 02:42,0,9
2022/04/09 02:42,0,10
2022/04/09 02:43,0,15
2022/04/09 02:43,0,16
2022/04/09 02:44,0,12
2022/04/09 02:45,0,12
2022/04/09 02:45,0,9
2022/04/09 02:45,0,14
2022/04/09 02:46,0,13
2022/04/09 02:47,0,11
2022/04/09 02:47,0,12
2022/04/09 02:47,0,10
2022/04/09 02:48,0,15
2022/04/09 02:48,0,12
2022/04/09 02:48,0,9
2022/04/09 02:49,0,15
2022/04/09 02:49,0,14
2022/04/09 02:49,0,12
2022/04/09 02:50,0,17
2022/04/09 02:50,0,10
2022/04/09 02:50,0,13
2022/04/09 02:51,0,13
2022/04/09 02:51,0,17
2022/04/09 02:51,0,11
2022/04/09 02:52,0,14
2022/04/09 02:53,0,10
2022/04/09 02:53,0,15
2022/04/09 02:53,0,13
2022/04/09 02:54,0,9
2022/04/09 02:55,0,16
2022/04/09 02:55,0,14
2022/04/09 02:55,0,14
2022/04/09 02:55,0,17
2022/04/09 02:55,0,12
2022/04/09 02:56,0,9
2022/04/09 02:56,0,9
2022/04/09 02:56,0,12
2022/04/09 02:57,0,14
2022/04/09 02:58,0,12
2022/04/09 02:58,0,15
2022/04/09 02:58,0,11
2022/04/09 02:58,0,10
2022/04/09 03:01,0,12
2022/04/09 03:01,0,10
2022/04/09 03:01,0,10
2022/04/09 03:01,0,10
2022/04/09 03:02,0,16
2022/04/09 03:03,0,9
2022/04/09 03:03,0,10
2022/04/09 03:04,0,14
2022/04/09 03:04,0,10
2022/04/09 03:04,0,9
2022/04/09 03:04,0,10
2022/04/09 03:04,0,12
2022/04/09 03:05,0,13
2022/04/09 03:05,0,13
2022/04/09 03:06,0,10
2022/04/09 03:06,0,10
2022/04/09 03:06,0,10
2022/04/09 03:06,0,9
2022/04/09 03:07,0,17
2022/04/09 03:07,0,15
2022/04/09 03:07,0,15
2022/04/09 03:08,0,12
2022/04/09 03:08,0,12
2022/04/09 03:08,0,13
2022/04/09 03:08,0,13
2022/04/09 03:09,0,12
2022/04/09 03:09,0,11
2022/04/09 03:09,0,11
2022/04/09 03:10,0,9
2022/04/09 03:11,0,9
2022/04/09 03:11,0,13
2022/04/09 03:12,0,13
2022/04/09 03:13,0,16
2022/04/09 03:13,0,13
2022/04/09 03:14,0,11
2022/04/09 03:14,0,12
2022/04/09 03:15,0,13
2022/04/09 03:15,0,11
2022/04/09 03:17,0,17
2022/04/09 03:17,0,13
2022/04/09 03:17,0,11
2022/04/09 03:17,0,10
2022/04/09 03:18,0,12
2022/04/09 03:19,0,13
2022/04/09 03:19,0,9
2022/04/09 03:20,0,15
2022/04/09 03:20,0,13
2022/04/09 03:21,0,12
2022/04/09 03:23,0,11
2022/04/09 03:23,0,9
2022/04/09 03:24,0,10
2022/04/09 03:24,0,11
2022/04/09 03:25,0,10
2022/04/09 03:25,0,12
2022/04/09 03:25,0,10
2022/04/09 03:25,0,12
2022/04/09 03:26,0,10
2022/04/09 03:26,0,13
2022/04/09 03:26,0,12
2022/04/09 03:27,0,13
2022/04/09 03:27,0,9
2022/04/09 03:27,0,12
2022/04/09 03:27,0,12
2022/04/09 03:27,0,15
2022/04/09 03:28,0,15
2022/04/09 03:29,0,15
2022/04/09 03:30,0,10
2022/04/09 03:30,0,15
2022/04/09 03:31,0,13
2022/04/09 03:31,0,16
2022/04/09 03:31,0,10
2022/04/09 03:32,0,15
2022/04/09 03:32,0,11
2022/04/09 03:33,0,12
2022/04/09 03:33,0,14
2022/04/09 03:34,0,13
2022/04/09 03:34,0,10
2022/04/09 03:35,0,12
2022/04/09 03:35,0,9
2022/04/09 03:35,0,11
2022/04/09 03:37,0,17
2022/04/09 03:37,0,16
2022/04/09 03:38,0,12
2022/04/09 03:38,0,9
2022/04/09 03:39,0,17
2022/04/09 03:39,0,16
2022/04/09 03:41,0,10
2022/04/09 03:42,0,14
2022/04/09 03:43,0,9
2022/04/09 03:44,0,13
2022/04/09 03:47,0,12
2022/04/09 03:47,0,16
2022/04/09 03:47,0,13
2022/04/09 03:48,0,12
2022/04/09 03:48,0,9
2022/04/09 03:48,0,12
2022/04/09 03:49,0,12
2022/04/09 03:49,0,15
2022/04/09 03:50,0,10
2022/04/09 03:50,0,14
2022/04/09 03:51,0,14
2022/04/09 03:51,0,10
2022/04/09 03:51,0,13
2022/04/09 03:52,0,14
2022/04/09 03:53,0,10
2022/04/09 03:54,0,11
2022/04/09 03:54,0,10
2022/04/09 03:55,0,11
2022/04/09 03:55,0,15
2022/04/09 03:55,0,12
2022/04/09 03:57,0,10
2022/04/09 03:57,0,10
2022/04/09 03:57,0,12
2022/04/09 03:58,0,10
2022/04/09 03:58,0,11
2022/04/09 03:58,0,12
2022/04/09 03:59,0,17
2022/04/09 04:00,0,17
2022/04/09 04:00,0,10
2022/04/09 04:01,0,13
2022/04/09 04:01,0,11
2022/04/09 04:01,0,13
2022/04/09 04:01,0,15
2022/04/09 04:02,0,10
2022/04/09 04:03,0,11
2022/04/09 04:03,0,10
2022/04/09 04:03,0,13
2022/04/09 04:04,0,13
2022/04/09 04:04,0,10
2022/04/09 04:04,0,13
2022/04/09 04:04,0,16
2022/04/09 04:06,0,17
2022/04/09 04:07,0,10
2022/04/09 04:07,0,12
2022/04/09 04:07,0,10
2022/04/09 04:08,0,13
2022/04/09 04:10,0,12
2022/04/09 04:10,0,15
2022/04/09 04:11,0,14
2022/04/09 04:12,0,11
2022/04/09 04:12,0,10
2022/04/09 04:12,0,9
2022/04/09 04:13,0,10
2022/04/09 04:13,0,10
2022/04/09 04:13,0,10
2022/04/09 04:14,0,12
2022/04/09 04:14,0,10
2022/04/09 04:14,0,10
2022/04/09 04:15,0,9
2022/04/09 04:17,0,9
2022/04/09 04:17,0,11
2022/04/09 04:18,0,14
2022/04/09 04:19,0,10
2022/04/09 04:19,0,10
2022/04/09 04:19,0,10
2022/04/09 04:19,0,13
2022/04/09 04:21,0,12
2022/04/09 04:21,0,10
2022/04/09 04:22,0,13
2022/04/09 04:22,0,15
2022/04/09 04:22,0,17
2022/04/09 04:22,0,12
2022/04/09 04:22,0,15
2022/04/09 04:23,0,14
2022/04/09 04:23,0,13
2022/04/09 04:23,0,13
2022/04/09 04:23,0,13
2022/04/09 04:24,0,10
2022/04/09 04:24,0,13
2022/04/09 04:24,0,16
2022/04/09 04:24,0,11
2022/04/09 04:25,0,15
2022/04/09 04:25,0,9
2022/04/09 04:26,0,11
2022/04/09 04:26,0,9
2022/04/09 04:26,0,17
2022/04/09 04:26,0,15
2022/04/09 04:26,0,15
2022/04/09 04:27,0,12
2022/04/09 04:27,0,17
2022/04/09 04:28,0,11
2022/04/09 04:28,0,11
2022/04/09 04:28,0,14
2022/04/09 04:29,0,10
2022/04/09 04:29,0,14
2022/04/09 04:29,0,13
2022/04/09 04:31,0,11
2022/04/09 04:32,0,13
2022/04/09 04:32,0,9
2022/04/09 04:33,0,14
2022/04/09 04:34,0,10
2022/04/09 04:34,0,14
2022/04/09 04:34,0,15
2022/04/09 04:35,0,15
2022/04/09 04:35,0,11
2022/04/09 04:35,0,12
2022/04/09 04:36,0,13
2022/04/09 04:36,0,12
2022/04/09 04:36,0,12
2022/04/09 04:36,0,9
2022/04/09 04:38,0,9
2022/04/09 04:38,0,16
2022/04/09 04:38,0,11
2022/04/09 04:38,0,9
2022/04/09 04:40,0,12
2022/04/09 04:40,0,11
2022/04/09 04:40,0,9
2022/04/09 04:40,0,17
2022/04/09 04:40,0,14
2022/04/09 04:41,0,10
2022/04/09 04:41,0,11
2022/04/09 04:42,0,12
2022/04/09 04:42,0,10
2022/04/09 04:43,0,15
2022/04/09 04:44,0,11
2022/04/09 04:45,0,13
2022/04/09 04:46,0,10
2022/04/09 04:46,0,14
2022/04/09 04:47,0,17
2022/04/09 04:47,0,12
2022/04/09 04:48,0,15
2022/04/09 04:48,0,10
2022/04/09 04:48,0,10
2022/04/09 04:50,0,17
2022/04/09 04:50,0,9
2022/04/09 04:51,0,17
2022/04/09 04:51,0,14
2022/04/09 04:51,0,11
2022/04/09 04:52,0,9
2022/04/09 04:54,0,9
2022/04/09 04:54,0,11
2022/04/09 04:54,0,12
2022/04/09 04:54,0,10
2022/04/09 04:55,0,17
2022/04/09 04:55,0,13
2022/04/09 04:56,0,13
2022/04/09 04:56,0,16
2022/04/09 04:56,0,16
2022/04/09 04:57,0,12
2022/04/09 04:57,0,10
2022/04/09 04:57,0,13
2022/04/09 04:57,0,13
2022/04/09 04:58,0,11
2022/04/09 04:58,0,10
2022/04/09 04:59,0,13
2022/04/09 04:59,0,15
2022/04/09 04:59,0,12
2022/04/09 05:00,0,19
2022/04/09 05:00,0,16
2022/04/09 05:00,0,22
2022/04/09 05:01,0,13
2022/04/09 05:01,0,15
2022/04/09 05:02,0,21
2022/04/09 05:02,0,24
2022/04/09 05:02,0,16
2022/04/09 05:02,0,22
2022/04/09 05:02,0,23
2022/04/09 05:04,0,18
2022/04/09 05:05,0,12
2022/04/09 05:05,0,19
2022/04/09 05:06,0,12
2022/04/09 05:06,0,12
2022/04/09 05:07,0,12
2022/04/09 05:07,0,17
2022/04/09 05:08,0,19
2022/04/09 05:08,0,16
2022/04/09 05:09,0,19
2022/04/09 05:09,0,19
2022/04/09 05:11,0,20
2022/04/09 05:11,0,20
2022/04/09 05:12,0,11
2022/04/09 05:14,0,20
2022/04/09 05:14,0,21
2022/04/09 05:15,0,17
2022/04/09 05:15,0,19
2022/04/09 05:15,0,22
2022/04/09 05:17,0,23
2022/04/09 05:18,0,13
2022/04/09 05:18,0,19
2022/04/09 05:19,0,16
2022/04/09 05:19,0,10
2022/04/09 05:19,0,10
2022/04/09 05:20,0,21
2022/04/09 05:20,0,19
2022/04/09 05:20,0,17
2022/04/09 05:20,0,21
2022/04/09 05:21,0,15
2022/04/09 05:21,0,18
2022/04/09 05:21,0,12
2022/04/09 05:24,0,24
2022/04/09 05:24,0,23
2022/04/09 05:24,0,14
2022/04/09 05:24,0,21
2022/04/09 05:25,0,23
2022/04/09 05:26,0,17
2022/04/09 05:26,0,15
2022/04/09 05:26,0,22
2022/04/09 05:27,0,15
2022/04/09 05:27,0,11
2022/04/09 05:27,0,12
2022/04/09 05:27,0,11
2022/04/09 05:28,0,18
2022/04/09 05:29,0,22
2022/04/09 05:29,0,24
2022/04/09 05:29,0,19
2022/04/09 05:30,0,17
2022/04/09 05:30,0,14
2022/04/09 05:30,0,19
2022/04/09 05:30,0,23
2022/04/09 05:31,0,15
2022/04/09 05:31,0,17
2022/04/09 05:31,0,22
2022/04/09 05:32,0,11
2022/04/09 05:32,0,13
2022/04/09 05:33,0,21
2022/04/09 05:33,0,19
2022/04/09 05:33,0,18
2022/04/09 05:34,0,12
2022/04/09 05:34,0,25
2022/04/09 05:34,0,11
2022/04/09 05:35,0,22
2022/04/09 05:35,0,21
2022/04/09 05:35,0,14
2022/04/09 05:35,0,19
2022/04/09 05:36,0,11
2022/04/09 05:36,0,12
2022/04/09 05:37,0,21
2022/04/09 05:38,0,12
2022/04/09 05:38,0,21
2022/04/09 05:38,0,19
2022/04/09 05:38,0,23
2022/04/09 05:39,0,18
2022/04/09 05:40,0,24
2022/04/09 05:41,0,19
2022/04/09 05:41,0,18
2022/04/09 05:41,0,11
2022/04/09 05:41,0,13
2022/04/09 05:42,0,14
2022/04/09 05:42,0,17
2022/04/09 05:42,0,19
2022/04/09 05:43,0,18
2022/04/09 05:44,0,14
2022/04/09 05:44,0,23
2022/04/09 05:45,0,15
2022/04/09 05:45,0,21
2022/04/09 05:45,0,20
2022/04/09 05:45,0,23
2022/04/09 05:45,0,10
2022/04/09 05:45,0,21
2022/04/09 05:45,0,19
2022/04/09 05:45,0,25
2022/04/09 05:46,0,20
2022/04/09 05:47,0,15
2022/04/09 05:48,0,18
2022/04/09 05:48,0,23
2022/04/09 05:49,0,22
2022/04/09 05:49,0,11
2022/04/09 05:51,0,11
2022/04/09 05:51,0,16
2022/04/09 05:51,0,11
2022/04/09 05:52,0,22
2022/04/09 05:52,0,22
2022/04/09 05:53,0,22
2022/04/09 05:53,0,23
2022/04/09 05:53,0,14
2022/04/09 05:53,0,15
2022/04/09 05:54,0,18
2022/04/09 05:54,0,23
2022/04/09 05:55,0,18
2022/04/09 05:56,0,14
2022/04/09 05:56,0,10
2022/04/09 05:57,0,21
2022/04/09 05:58,0,22
2022/04/09 06:00,0,16
2022/04/09 06:00,0,10
2022/04/09 06:00,0,10
2022/04/09 06:00,0,17
2022/04/09 06:01,0,15
2022/04/09 06:01,0,12
2022/04/09 06:01,0,15
2022/04/09 06:01,0,12
2022/04/09 06:02,0,22
2022/04/09 06:03,0,22
2022/04/09 06:04,0,23
2022/04/09 06:05,0,20
2022/04/09 06:06,0,16
2022/04/09 06:06,0,19
2022/04/09 06:06,0,19
2022/04/09 06:06,0,20
2022/04/09 06:07,0,13
2022/04/09 06:07,0,14
2022/04/09 06:07,0,24
2022/04/09 06:07,0,12
2022/04/09 06:08,0,25
2022/04/09 06:09,0,10
2022/04/09 06:09,0,11
2022/04/09 06:10,0,23
2022/04/09 06:11,0,24
2022/04/09 06:11,0,14
2022/04/09 06:12,0,21
2022/04/09 06:12,0,10
2022/04/09 06:13,0,12
2022/04/09 06:13,0,20
2022/04/09 06:13,0,25
2022/04/09 06:14,0,23
2022/04/09 06:14,0,21
2022/04/09 06:15,0,11
2022/04/09 06:16,0,15
2022/04/09 06:17,0,15
2022/04/09 06:17,0,18
2022/04/09 06:17,0,15
2022/04/09 06:17,0,16
2022/04/09 06:17,0,23
2022/04/09 06:19,0,20
2022/04/09 06:20,0,12
2022/04/09 06:20,0,19
2022/04/09 06:22,0,21
2022/04/09 06:22,0,18
2022/04/09 06:23,0,23
2022/04/09 06:24,0,25
2022/04/09 06:24,0,11
2022/04/09 06:24,0,13
2022/04/09 06:26,0,21
2022/04/09 06:26,0,23
2022/04/09 06:27,0,12
2022/04/09 06:27,0,17
2022/04/09 06:27,0,11
2022/04/09 06:28,0,13
2022/04/09 06:29,0,24
2022/04/09 06:29,0,15
2022/04/09 06:29,0,13
2022/04/09 06:29,0,15
2022/04/09 06:30,0,21
2022/04/09 06:31,0,19
2022/04/09 06:32,0,10
2022/04/09 06:32,0,16
2022/04/09 06:32,0,18
2022/04/09 06:34,0,16
2022/04/09 06:34,0,15
2022/04/09 06:34,0,21
2022/04/09 06:34,0,11
2022/04/09 06:35,0,22
2022/04/09 06:35,0,17
2022/04/09 06:35,0,19
2022/04/09 06:35,0,14
2022/04/09 06:35,0,22
2022/04/09 06:35,0,19
2022/04/09 06:36,0,18
2022/04/09 06:37,0,10
2022/04/09 06:37,0,10
2022/04/09 06:38,0,15
2022/04/09 06:38,0,23
2022/04/09 06:38,0,21
2022/04/09 06:38,0,13
2022/04/09 06:38,0,15
2022/04/09 06:39,0,13
2022/04/09 06:39,0,23
2022/04/09 06:39,0,22
2022/04/09 06:39,0,15
2022/04/09 06:39,0,21
2022/04/09 06:40,0,21
2022/04/09 06:41,0,25
2022/04/09 06:41,0,11
2022/04/09 06:41,0,13
2022/04/09 06:42,0,13
2022/04/09 06:43,0,12
2022/04/09 06:44,0,15
2022/04/09 06:44,0,16
2022/04/09 06:46,0,16
2022/04/09 06:46,0,17
2022/04/09 06:46,0,24
2022/04/09 06:47,0,15
2022/04/09 06:47,0,15
2022/04/09 06:47,0,14
2022/04/09 06:48,0,19
2022/04/09 06:48,0,15
2022/04/09 06:48,0,11
2022/04/09 06:49,0,20
2022/04/09 06:51,0,18
2022/04/09 06:51,0,19
2022/04/09 06:51,0,15
2022/04/09 06:52,0,11
2022/04/09 06:52,0,16
2022/04/09 06:52,0,17
2022/04/09 06:52,0,12
2022/04/09 06:53,0,10
2022/04/09 06:54,0,14
2022/04/09 06:54,0,18
2022/04/09 06:54,0,18
2022/04/09 06:54,0,13
2022/04/09 06:55,0,18
2022/04/09 06:55,0,22
2022/04/09 06:55,0,22
2022/04/09 06:56,0,15
2022/04/09 06:58,0,16
2022/04/09 06:58,0,25
2022/04/09 06:59,0,20
2022/04/09 06:59,0,14
2022/04/09 06:59,0,14
2022/04/09 07:00,0,18
2022/04/09 07:01,0,17
2022/04/09 07:01,0,15
2022/04/09 07:01,0,18
2022/04/09 07:01,0,19
2022/04/09 07:01,0,22
2022/04/09 07:02,0,22
2022/04/09 07:02,0,14
2022/04/09 07:03,0,10
2022/04/09 07:03,0,21
2022/04/09 07:03,0,20
2022/04/09 07:04,0,19
2022/04/09 07:04,0,16
2022/04/09 07:05,0,10
2022/04/09 07:05,0,14
2022/04/09 07:05,0,12
2022/04/09 07:05,0,22
2022/04/09 07:05,0,23
2022/04/09 07:05,0,24
2022/04/09 07:06,0,14
2022/04/09 07:06,0,14
2022/04/09 07:06,0,14
2022/04/09 07:07,0,20
2022/04/09 07:07,0,22
2022/04/09 07:07,0,24
2022/04/09 07:08,0,10
2022/04/09 07:08,0,20
2022/04/09 07:08,0,20
2022/04/09 07:09,0,14
2022/04/09 07:09,0,20
2022/04/09 07:10,0,21
2022/04/09 07:10,0,18
2022/04/09 07:12,0,13
2022/04/09 07:12,0,23
2022/04/09 07:13,0,18
2022/04/09 07:13,0,22
2022/04/09 07:14,0,19
2022/04/09 07:14,0,18
2022/04/09 07:15,0,15
2022/04/09 07:15,0,10
2022/04/09 07:16,0,17
2022/04/09 07:17,0,19
2022/04/09 07:17,0,16
2022/04/09 07:17,0,15
2022/04/09 07:17,0,15
2022/04/09 07:18,0,14
2022/04/09 07:18,0,13
2022/04/09 07:19,0,12
2022/04/09 07:19,0,11
2022/04/09 07:20,0,14
2022/04/09 07:20,0,22
2022/04/09 07:20,0,20
2022/04/09 07:20,0,25
2022/04/09 07:21,0,19
2022/04/09 07:21,0,19
2022/04/09 07:22,0,22
2022/04/09 07:23,0,23
2022/04/09 07:23,0,18
2022/04/09 07:23,0,17
2022/04/09 07:23,0,13
2022/04/09 07:24,0,19
2022/04/09 07:25,0,18
2022/04/09 07:25,0,10
2022/04/09 07:25,0,20
2022/04/09 07:26,0,20
2022/04/09 07:26,0,13
2022/04/09 07:27,0,23
2022/04/09 07:27,0,20
2022/04/09 07:28,0,23
2022/04/09 07:28,0,20
2022/04/09 07:28,0,12
2022/04/09 07:28,0,14
2022/04/09 07:28,0,18
2022/04/09 07:29,0,14
2022/04/09 07:30,0,11
2022/04/09 07:31,0,17
2022/04/09 07:32,0,14
2022/04/09 07:33,0,21
2022/04/09 07:33,0,17
2022/04/09 07:33,0,12
2022/04/09 07:34,0,10
2022/04/09 07:34,0,16
2022/04/09 07:35,0,14
2022/04/09 07:35,0,18
2022/04/09 07:36,0,23
2022/04/09 07:37,0,10
2022/04/09 07:38,0,21
2022/04/09 07:38,0,18
2022/04/09 07:39,0,10
2022/04/09 07:39,0,11
2022/04/09 07:39,0,14
2022/04/09 07:39,0,19
2022/04/09 07:40,0,23
2022/04/09 07:41,0,25
2022/04/09 07:41,0,15
2022/04/09 07:42,0,24
2022/04/09 07:43,0,15
2022/04/09 07:43,0,19
2022/04/09 07:43,0,24
2022/04/09 07:43,0,17
2022/04/09 07:44,0,15
2022/04/09 07:44,0,20
2022/04/09 07:44,0,11
2022/04/09 07:45,0,13
2022/04/09 07:45,0,18
2022/04/09 07:45,0,21
2022/04/09 07:46,0,11
2022/04/09 07:46,0,25
2022/04/09 07:46,0,24
2022/04/09 07:47,0,23
2022/04/09 07:47,0,12
2022/04/09 07:48,0,25
2022/04/09 07:49,0,24
2022/04/09 07:49,0,12
2022/04/09 07:49,0,10
2022/04/09 07:50,0,24
2022/04/09 07:50,0,11
2022/04/09 07:50,0,10
2022/04/09 07:51,0,13
2022/04/09 07:51,0,21
2022/04/09 07:52,0,23
2022/04/09 07:53,0,20
2022/04/09 07:54,0,21
2022/04/09 07:54,0,25
2022/04/09 07:54,0,14
2022/04/09 07:54,0,15
2022/04/09 07:55,0,17
2022/04/09 07:55,0,11
2022/04/09 07:55,0,11
2022/04/09 07:56,0,12
2022/04/09 07:56,0,20
2022/04/09 07:57,0,20
2022/04/09 07:58,0,21
2022/04/09 07:59,0,13
2022/04/09 07:59,0,21
2022/04/09 07:59,0,19
2022/04/09 07:59,0,19
2022/04/09 08:00,0,14
2022/04/09 08:00,0,23
2022/04/09 08:01,0,10
2022/04/09 08:01,0,18
2022/04/09 08:02,0,22
2022/04/09 08:02,0,23
2022/04/09 08:02,0,16
2022/04/09 08:02,0,15
2022/04/09 08:03,0,19
2022/04/09 08:03,0,11
2022/04/09 08:04,0,25
2022/04/09 08:05,0,23
2022/04/09 08:05,0,22
2022/04/09 08:05,0,17
2022/04/09 08:05,0,14
2022/04/09 08:05,0,18
2022/04/09 08:06,0,20
2022/04/09 08:08,0,12
2022/04/09 08:08,0,17
2022/04/09 08:09,0,25
2022/04/09 08:09,0,20
2022/04/09 08:09,0,18
2022/04/09 08:10,0,13
2022/04/09 08:11,0,14
2022/04/09 08:11,0,24
2022/04/09 08:11,0,24
2022/04/09 08:11,0,23
2022/04/09 08:13,0,17
2022/04/09 08:13,0,17
2022/04/09 08:14,0,18
2022/04/09 08:15,0,17
2022/04/09 08:16,0,20
2022/04/09 08:16,0,23
2022/04/09 08:16,0,13
2022/04/09 08:17,0,14
2022/04/09 08:17,0,21
2022/04/09 08:18,0,23
2022/04/09 08:18,0,20
2022/04/09 08:18,0,21
2022/04/09 08:18,0,17
2022/04/09 08:18,0,10
2022/04/09 08:18,0,15
2022/04/09 08:20,0,11
2022/04/09 08:21,0,19
2022/04/09 08:22,0,12
2022/04/09 08:23,0,22
2022/04/09 08:23,0,13
2022/04/09 08:23,0,22
2022/04/09 08:23,0,11
2022/04/09 08:23,0,16
2022/04/09 08:23,0,10
2022/04/09 08:24,0,12
2022/04/09 08:25,0,16
2022/04/09 08:25,0,16
2022/04/09 08:26,0,10
2022/04/09 08:26,0,18
2022/04/09 08:27,0,15
2022/04/09 08:27,0,25
2022/04/09 08:27,0,18
2022/04/09 08:28,0,15
2022/04/09 08:28,0,21
2022/04/09 08:28,0,21
2022/04/09 08:28,0,18
2022/04/09 08:29,0,22
2022/04/09 08:29,0,10
2022/04/09 08:29,0,22
2022/04/09 08:30,0,25
2022/04/09 08:31,0,21
2022/04/09 08:31,0,11
2022/04/09 08:32,0,22
2022/04/09 08:32,0,18
2022/04/09 08:33,0,14
2022/04/09 08:33,0,25
2022/04/09 08:33,0,17
2022/04/09 08:34,0,12
2022/04/09 08:34,0,10
2022/04/09 08:34,0,18
2022/04/09 08:34,0,23
2022/04/09 08:34,0,12
2022/04/09 08:34,0,24
2022/04/09 08:35,0,15
2022/04/09 08:35,0,25
2022/04/09 08:36,0,19
2022/04/09 08:37,0,23
2022/04/09 08:37,0,19
2022/04/09 08:37,0,11
2022/04/09 08:38,0,15
2022/04/09 08:38,0,25
2022/04/09 08:39,0,24
2022/04/09 08:39,0,25
2022/04/09 08:39,0,18
2022/04/09 08:40,0,18
2022/04/09 08:40,0,25
2022/04/09 08:41,0,18
2022/04/09 08:42,0,18
2022/04/09 08:42,0,24
2022/04/09 08:44,0,10
2022/04/09 08:44,0,13
2022/04/09 08:45,0,10
2022/04/09 08:46,0,22
2022/04/09 08:47,0,21
2022/04/09 08:48,0,22
2022/04/09 08:48,0,12
2022/04/09 08:48,0,14
2022/04/09 08:50,0,16
2022/04/09 08:50,0,16
2022/04/09 08:50,0,13
2022/04/09 08:50,0,17
2022/04/09 08:51,0,15
2022/04/09 08:51,0,22
2022/04/09 08:51,0,15
2022/04/09 08:51,0,19
2022/04/09 08:52,0,19
2022/04/09 08:52,0,19
2022/04/09 08:52,0,17
2022/04/09 08:52,0,10
2022/04/09 08:52,0,11
2022/04/09 08:54,0,15
2022/04/09 08:55,0,12
2022/04/09 08:55,0,25
2022/04/09 08:56,0,15
2022/04/09 08:56,0,17
2022/04/09 08:57,0,21
2022/04/09 08:58,0,24
2022/04/09 08:58,0,22
2022/04/09 08:59,0,19
2022/04/09 08:59,0,10
2022/04/09 08:59,0,21
2022/04/09 09:00,0,19
2022/04/09 09:00,0,18
2022/04/09 09:00,0,25
2022/04/09 09:01,0,22
2022/04/09 09:01,0,23
2022/04/09 09:02,0,24
2022/04/09 09:03,0,12
2022/04/09 09:04,0,25
2022/04/09 09:05,0,19
2022/04/09 09:06,0,20
2022/04/09 09:07,0,20
2022/04/09 09:07,0,20
2022/04/09 09:08,0,20
2022/04/09 09:08,0,18
2022/04/09 09:09,0,15
2022/04/09 09:09,0,16
2022/04/09 09:10,0,11
2022/04/09 09:10,0,25
2022/04/09 09:11,0,16
2022/04/09 09:11,0,17
2022/04/09 09:11,0,18
2022/04/09 09:12,0,19
2022/04/09 09:12,0,22
2022/04/09 09:13,0,24
2022/04/09 09:14,0,25
2022/04/09 09:14,0,10
2022/04/09 09:14,0,12
2022/04/09 09:15,0,13
2022/04/09 09:15,0,17
2022/04/09 09:16,0,18
2022/04/09 09:16,0,14
2022/04/09 09:17,0,11
2022/04/09 09:17,0,11
2022/04/09 09:17,0,20
2022/04/09 09:17,0,18
2022/04/09 09:17,0,17
2022/04/09 09:18,0,18
2022/04/09 09:18,0,13
2022/04/09 09:18,0,12
2022/04/09 09:20,0,10
2022/04/09 09:20,0,15
2022/04/09 09:20,0,24
2022/04/09 09:21,0,25
2022/04/09 09:22,0,11
2022/04/09 09:22,0,13
2022/04/09 09:22,0,20
2022/04/09 09:23,0,10
2022/04/09 09:23,0,22
2022/04/09 09:24,0,21
2022/04/09 09:25,0,15
2022/04/09 09:25,0,25
2022/04/09 09:25,0,13
2022/04/09 09:26,0,23
2022/04/09 09:27,0,23
2022/04/09 09:27,0,13
2022/04/09 09:27,0,12
2022/04/09 09:27,0,13
2022/04/09 09:28,0,17
2022/04/09 09:29,0,10
2022/04/09 09:29,0,17
2022/04/09 09:30,0,12
2022/04/09 09:31,0,21
2022/04/09 09:31,0,22
2022/04/09 09:31,0,19
2022/04/09 09:31,0,10
2022/04/09 09:32,0,14
2022/04/09 09:32,0,18
2022/04/09 09:32,0,19
2022/04/09 09:32,0,17
2022/04/09 09:32,0,13
2022/04/09 09:33,0,10
2022/04/09 09:34,0,18
2022/04/09 09:34,0,21
2022/04/09 09:34,0,15
2022/04/09 09:34,0,24
2022/04/09 09:35,0,16
2022/04/09 09:36,0,21
2022/04/09 09:36,0,20
2022/04/09 09:37,0,11
2022/04/09 09:37,0,11
2022/04/09 09:39,0,10
2022/04/09 09:40,0,20
2022/04/09 09:40,0,13
2022/04/09 09:40,0,18
2022/04/09 09:40,0,19
2022/04/09 09:41,0,22
2022/04/09 09:41,0,16
2022/04/09 09:41,0,20
2022/04/09 09:41,0,24
2022/04/09 09:42,0,19
2022/04/09 09:43,0,23
2022/04/09 09:43,0,24
2022/04/09 09:44,0,19
2022/04/09 09:44,0,25
2022/04/09 09:44,0,25
2022/04/09 09:44,0,15
2022/04/09 09:45,0,11
2022/04/09 09:45,0,11
2022/04/09 09:45,0,19
2022/04/09 09:46,0,25
2022/04/09 09:46,0,23
2022/04/09 09:47,0,17
2022/04/09 09:47,0,21
2022/04/09 09:48,0,17
2022/04/09 09:49,0,21
2022/04/09 09:50,0,16
2022/04/09 09:50,0,21
2022/04/09 09:51,0,17
2022/04/09 09:51,0,10
2022/04/09 09:51,0,18
2022/04/09 09:52,0,23
2022/04/09 09:52,0,10
2022/04/09 09:53,0,19
2022/04/09 09:53,0,22
2022/04/09 09:54,0,10
2022/04/09 09:54,0,15
2022/04/09 09:55,0,20
2022/04/09 09:55,0,18
2022/04/09 09:55,0,22
2022/04/09 09:55,0,23
2022/04/09 09:56,0,10
2022/04/09 09:56,0,21
2022/04/09 09:56,0,15
2022/04/09 09:56,0,24
2022/04/09 09:57,0,25
2022/04/09 09:57,0,14
2022/04/09 09:58,0,24
2022/04/09 09:58,0,24
2022/04/09 09:59,0,22
2022/04/09 09:59,0,17
2022/04/09 09:59,0,17
2022/04/09 09:59,0,10
2022/04/09 10:00,0,22
2022/04/09 10:01,0,15
2022/04/09 10:01,0,18
2022/04/09 10:01,0,23
2022/04/09 10:02,0,18
2022/04/09 10:03,0,10
2022/04/09 10:03,0,23
2022/04/09 10:04,0,12
2022/04/09 10:04,0,23
2022/04/09 10:04,0,20
2022/04/09 10:06,0,19
2022/04/09 10:06,0,10
2022/04/09 10:06,0,17
2022/04/09 10:06,0,11
2022/04/09 10:06,0,24
2022/04/09 10:07,0,11
2022/04/09 10:07,0,16
2022/04/09 10:08,0,16
2022/04/09 10:08,0,13
2022/04/09 10:09,0,21
2022/04/09 10:10,0,20
2022/04/09 10:11,0,19
2022/04/09 10:11,0,13
2022/04/09 10:11,0,21
2022/04/09 10:12,0,22
2022/04/09 10:12,0,22
2022/04/09 10:12,0,21
2022/04/09 10:12,0,16
2022/04/09 10:13,0,23
2022/04/09 10:14,0,18
2022/04/09 10:14,0,20
2022/04/09 10:15,0,23
2022/04/09 10:15,0,19
2022/04/09 10:16,0,18
2022/04/09 10:16,0,20
2022/04/09 10:16,0,11
2022/04/09 10:16,0,11
2022/04/09 10:18,0,21
2022/04/09 10:18,0,17
2022/04/09 10:19,0,15
2022/04/09 10:19,0,17
2022/04/09 10:20,0,19
2022/04/09 10:21,0,19
2022/04/09 10:21,0,21
2022/04/09 10:22,0,16
2022/04/09 10:22,0,20
2022/04/09 10:25,0,20
2022/04/09 10:25,0,21
2022/04/09 10:26,0,21
2022/04/09 10:26,0,14
2022/04/09 10:26,0,12
2022/04/09 10:27,0,14
2022/04/09 10:27,0,13
2022/04/09 10:27,0,10
2022/04/09 10:28,0,10
2022/04/09 10:31,0,16
2022/04/09 10:31,0,19
2022/04/09 10:31,0,11
2022/04/09 10:32,0,19
2022/04/09 10:32,0,23
2022/04/09 10:32,0,13
2022/04/09 10:33,0,19
2022/04/09 10:33,0,19
2022/04/09 10:35,0,16
2022/04/09 10:35,0,13
2022/04/09 10:36,0,25
2022/04/09 10:37,0,21
2022/04/09 10:37,0,18
2022/04/09 10:37,0,13
2022/04/09 10:39,0,16
2022/04/09 10:40,0,21
2022/04/09 10:40,0,19
2022/04/09 10:40,0,16
2022/04/09 10:41,0,23
2022/04/09 10:41,0,24
2022/04/09 10:41,0,20
2022/04/09 10:42,0,10
2022/04/09 10:42,0,16
2022/04/09 10:42,0,24
2022/04/09 10:43,0,10
2022/04/09 10:43,0,25
2022/04/09 10:44,0,21
2022/04/09 10:44,0,20
2022/04/09 10:45,0,24
2022/04/09 10:45,0,20
2022/04/09 10:45,0,19
2022/04/09 10:46,0,23
2022/04/09 10:46,0,16
2022/04/09 10:46,0,22
2022/04/09 10:48,0,21
2022/04/09 10:48,0,12
2022/04/09 10:50,0,21
2022/04/09 10:50,0,12
2022/04/09 10:51,0,12
2022/04/09 10:51,0,10
2022/04/09 10:51,0,18
2022/04/09 10:51,0,18
2022/04/09 10:51,0,22
2022/04/09 10:52,0,12
2022/04/09 10:52,0,12
2022/04/09 10:52,0,23
2022/04/09 10:53,0,11
2022/04/09 10:53,0,12
2022/04/09 10:54,0,14
2022/04/09 10:54,0,20
2022/04/09 10:54,0,10
2022/04/09 10:55,0,24
2022/04/09 10:56,0,15
2022/04/09 10:57,0,12
2022/04/09 10:58,0,16
2022/04/09 10:58,0,13
2022/04/09 10:58,0,23
2022/04/09 10:59,0,11
2022/04/09 10:59,0,21
2022/04/09 10:59,0,14
2022/04/09 11:00,0,11
2022/04/09 11:02,0,10
2022/04/09 11:02,0,22
2022/04/09 11:03,0,13
2022/04/09 11:04,0,19
2022/04/09 11:04,0,23
2022/04/09 11:04,0,10
2022/04/09 11:04,0,10
2022/04/09 11:04,0,10
2022/04/09 11:06,0,13
2022/04/09 11:07,0,15
2022/04/09 11:07,0,19
2022/04/09 11:07,0,22
2022/04/09 11:07,0,14
2022/04/09 11:07,0,16
2022/04/09 11:08,0,23
2022/04/09 11:08,0,10
2022/04/09 11:08,0,14
2022/04/09 11:08,0,23
2022/04/09 11:09,0,13
2022/04/09 11:09,0,15
2022/04/09 11:09,0,24
2022/04/09 11:10,0,15
2022/04/09 11:10,0,20
2022/04/09 11:12,0,17
2022/04/09 11:13,0,20
2022/04/09 11:13,0,25
2022/04/09 11:13,0,20
2022/04/09 11:14,0,21
2022/04/09 11:14,0,17
2022/04/09 11:14,0,18
2022/04/09 11:14,0,18
2022/04/09 11:15,0,21
2022/04/09 11:15,0,16
2022/04/09 11:16,0,15
2022/04/09 11:16,0,23
2022/04/09 11:16,0,10
2022/04/09 11:16,0,21
2022/04/09 11:18,0,14
2022/04/09 11:18,0,17
2022/04/09 11:18,0,16
2022/04/09 11:18,0,22
2022/04/09 11:19,0,21
2022/04/09 11:19,0,24
2022/04/09 11:19,0,17
2022/04/09 11:19,0,11
2022/04/09 11:20,0,19
2022/04/09 11:20,0,19
2022/04/09 11:21,0,17
2022/04/09 11:21,0,17
2022/04/09 11:21,0,18
2022/04/09 11:21,0,15
2022/04/09 11:22,0,23
2022/04/09 11:23,0,21
2022/04/09 11:24,0,21
2022/04/09 11:25,0,15
2022/04/09 11:25,0,12
2022/04/09 11:25,0,20
2022/04/09 11:25,0,14
2022/04/09 11:25,0,17
2022/04/09 11:26,0,16
2022/04/09 11:26,0,22
2022/04/09 11:28,0,21
2022/04/09 11:28,0,23
2022/04/09 11:29,0,19
2022/04/09 11:30,0,19
2022/04/09 11:30,0,15
2022/04/09 11:31,0,14
2022/04/09 11:31,0,15
2022/04/09 11:32,0,10
2022/04/09 11:33,0,13
2022/04/09 11:33,0,13
2022/04/09 11:33,0,24
2022/04/09 11:33,0,19
2022/04/09 11:34,0,15
2022/04/09 11:35,0,14
2022/04/09 11:35,0,24
2022/04/09 11:35,0,20
2022/04/09 11:36,0,19
2022/04/09 11:36,0,17
2022/04/09 11:37,0,24
2022/04/09 11:37,0,25
2022/04/09 11:37,0,17
2022/04/09 11:38,0,24
2022/04/09 11:39,0,11
2022/04/09 11:39,0,18
2022/04/09 11:39,0,12
2022/04/09 11:39,0,17
2022/04/09 11:39,0,13
2022/04/09 11:40,0,22
2022/04/09 11:40,0,24
2022/04/09 11:40,0,10
2022/04/09 11:40,0,11
2022/04/09 11:40,0,23
2022/04/09 11:40,0,25
2022/04/09 11:41,0,24
2022/04/09 11:41,0,16
2022/04/09 11:41,0,11
2022/04/09 11:41,0,17
2022/04/09 11:42,0,19
2022/04/09 11:42,0,25
2022/04/09 11:42,0,21
2022/04/09 11:43,0,22
2022/04/09 11:43,0,16
2022/04/09 11:44,0,20
2022/04/09 11:44,0,12
2022/04/09 11:45,0,22
2022/04/09 11:45,0,24
2022/04/09 11:45,0,25
2022/04/09 11:45,0,10
2022/04/09 11:45,0,17
2022/04/09 11:46,0,23
2022/04/09 11:47,0,11
2022/04/09 11:47,0,25
2022/04/09 11:48,0,16
2022/04/09 11:49,0,14
2022/04/09 11:50,0,24
2022/04/09 11:51,0,15
2022/04/09 11:51,0,17
2022/04/09 11:52,0,19
2022/04/09 11:52,0,16
2022/04/09 11:52,0,22
2022/04/09 11:54,0,10
2022/04/09 11:55,0,23
2022/04/09 11:55,0,14
2022/04/09 11:55,0,17
2022/04/09 11:56,0,21
2022/04/09 11:57,0,13
2022/04/09 11:57,0,23
2022/04/09 11:57,0,23
2022/04/09 11:57,0,21
2022/04/09 11:58,0,24
2022/04/09 11:59,0,24
2022/04/09 11:59,0,24
2022/04/09 11:59,0,11
2022/04/09 12:01,0,20
2022/04/09 12:02,0,13
2022/04/09 12:02,0,19
2022/04/09 12:02,0,11
2022/04/09 12:02,0,24
2022/04/09 12:02,0,14
2022/04/09 12:03,0,22
2022/04/09 12:03,0,10
2022/04/09 12:03,0,18
2022/04/09 12:05,0,14
2022/04/09 12:05,0,23
2022/04/09 12:06,0,13
2022/04/09 12:07,0,14
2022/04/09 12:07,0,21
2022/04/09 12:07,0,19
2022/04/09 12:08,0,18
2022/04/09 12:09,0,10
2022/04/09 12:10,0,12
2022/04/09 12:10,0,25
2022/04/09 12:10,0,17
2022/04/09 12:11,0,23
2022/04/09 12:12,0,15
2022/04/09 12:13,0,13
2022/04/09 12:13,0,24
2022/04/09 12:14,0,23
2022/04/09 12:14,0,14
2022/04/09 12:15,0,25
2022/04/09 12:18,0,16
2022/04/09 12:19,0,14
2022/04/09 12:19,0,21
2022/04/09 12:20,0,23
2022/04/09 12:20,0,16
2022/04/09 12:21,0,24
2022/04/09 12:21,0,12
2022/04/09 12:22,0,15
2022/04/09 12:23,0,11
2022/04/09 12:24,0,17
2022/04/09 12:26,0,20
2022/04/09 12:26,0,11
2022/04/09 12:26,0,21
2022/04/09 12:27,0,13
2022/04/09 12:27,0,18
2022/04/09 12:30,0,10
2022/04/09 12:30,0,23
2022/04/09 12:30,0,19
2022/04/09 12:30,0,22
2022/04/09 12:30,0,20
2022/04/09 12:31,0,14
2022/04/09 12:31,0,21
2022/04/09 12:31,0,14
2022/04/09 12:32,0,16
2022/04/09 12:32,0,20
2022/04/09 12:33,0,21
2022/04/09 12:33,0,21
2022/04/09 12:33,0,14
2022/04/09 12:34,0,16
2022/04/09 12:34,0,25
2022/04/09 12:35,0,12
2022/04/09 12:35,0,10
2022/04/09 12:36,0,18
2022/04/09 12:37,0,10
2022/04/09 12:37,0,18
2022/04/09 12:37,0,12
2022/04/09 12:38,0,11
2022/04/09 12:38,0,25
2022/04/09 12:38,0,21
2022/04/09 12:39,0,11
2022/04/09 12:39,0,12
2022/04/09 12:39,0,20
2022/04/09 12:40,0,18
2022/04/09 12:40,0,24
2022/04/09 12:41,0,17
2022/04/09 12:41,0,12
2022/04/09 12:43,0,14
2022/04/09 12:43,0,12
2022/04/09 12:44,0,22
2022/04/09 12:44,0,15
2022/04/09 12:44,0,13
2022/04/09 12:44,0,15
2022/04/09 12:45,0,10
2022/04/09 12:45,0,22
2022/04/09 12:46,0,19
2022/04/09 12:47,0,11
2022/04/09 12:47,0,13
2022/04/09 12:48,0,15
2022/04/09 12:49,0,10
2022/04/09 12:50,0,12
2022/04/09 12:50,0,20
2022/04/09 12:50,0,21
2022/04/09 12:50,0,24
2022/04/09 12:51,0,23
2022/04/09 12:52,0,17
2022/04/09 12:52,0,24
2022/04/09 12:53,0,24
2022/04/09 12:53,0,21
2022/04/09 12:53,0,21
2022/04/09 12:55,0,21
2022/04/09 12:56,0,16
2022/04/09 12:58,0,21
2022/04/09 12:59,0,19
2022/04/09 13:00,3,78
2022/04/09 13:00,3,83
2022/04/09 13:01,3,86
2022/04/09 13:02,3,86
2022/04/09 13:02,2,76
2022/04/09 13:02,2,78
2022/04/09 13:02,3,78
2022/04/09 13:02,3,76
2022/04/09 13:03,3,83
2022/04/09 13:03,3,78
2022/04/09 13:03,2,75
2022/04/09 13:03,3,80
2022/04/09 13:05,2,75
2022/04/09 13:06,2,87
2022/04/09 13:06,3,86
2022/04/09 13:07,2,82
2022/04/09 13:07,3,75
2022/04/09 13:07,3,90
2022/04/09 13:08,3,88
2022/04/09 13:09,2,76
2022/04/09 13:09,3,82
2022/04/09 13:09,3,89
2022/04/09 13:10,3,87
2022/04/09 13:10,3,90
2022/04/09 13:11,3,76
2022/04/09 13:11,3,82
2022/04/09 13:11,2,87
2022/04/09 13:11,3,89
2022/04/09 13:13,2,88
2022/04/09 13:15,3,85
2022/04/09 13:15,3,83
2022/04/09 13:15,3,79
2022/04/09 13:16,2,87
2022/04/09 13:16,2,84
2022/04/09 13:17,3,85
2022/04/09 13:17,3,89
2022/04/09 13:19,3,85
2022/04/09 13:19,3,82
2022/04/09 13:19,2,85
2022/04/09 13:19,3,76
2022/04/09 13:20,3,75
2022/04/09 13:20,3,86
2022/04/09 13:20,2,82
2022/04/09 13:20,3,88
2022/04/09 13:21,0,19
2022/04/09 13:23,0,12
2022/04/09 13:23,0,11
2022/04/09 13:23,0,21
2022/04/09 13:24,0,13
2022/04/09 13:25,0,11
2022/04/09 13:26,0,19
2022/04/09 13:27,0,20
2022/04/09 13:27,0,11
2022/04/09 13:27,0,22
2022/04/09 13:28,0,17
2022/04/09 13:28,0,24
2022/04/09 13:28,0,19
2022/04/09 13:28,0,12
2022/04/09 13:28,0,22
2022/04/09 13:28,0,16
2022/04/09 13:29,0,22
2022/04/09 13:29,0,13
2022/04/09 13:29,0,17
2022/04/09 13:29,0,19
2022/04/09 13:29,0,24
2022/04/09 13:30,0,20
2022/04/09 13:30,0,12
2022/04/09 13:31,0,11
2022/04/09 13:32,0,15
2022/04/09 13:33,0,23
2022/04/09 13:34,0,10
2022/04/09 13:34,0,11
2022/04/09 13:34,0,14
2022/04/09 13:36,0,14
2022/04/09 13:37,0,13
2022/04/09 13:37,0,14
2022/04/09 13:38,0,22
2022/04/09 13:38,0,15
2022/04/09 13:39,0,17
2022/04/09 13:39,0,15
2022/04/09 13:39,0,13
2022/04/09 13:39,0,18
2022/04/09 13:39,0,16
2022/04/09 13:40,0,22
2022/04/09 13:41,0,13
2022/04/09 13:42,0,11
2022/04/09 13:42,0,10
2022/04/09 13:43,0,25
2022/04/09 13:43,0,18
2022/04/09 13:44,0,19
2022/04/09 13:45,0,20
2022/04/09 13:46,0,25
2022/04/09 13:46,0,11
2022/04/09 13:47,0,10
2022/04/09 13:47,0,16
2022/04/09 13:47,0,23
2022/04/09 13:47,0,25
2022/04/09 13:47,0,13
2022/04/09 13:48,0,21
2022/04/09 13:49,0,23
2022/04/09 13:49,0,16
2022/04/09 13:49,0,21
2022/04/09 13:49,0,18
2022/04/09 13:51,0,21
2022/04/09 13:51,0,14
2022/04/09 13:51,0,14
2022/04/09 13:52,0,13
2022/04/09 13:52,0,23
2022/04/09 13:52,0,12
2022/04/09 13:52,0,18
2022/04/09 13:53,0,14
2022/04/09 13:53,0,25
2022/04/09 13:54,0,25
2022/04/09 13:54,0,18
2022/04/09 13:55,0,19
2022/04/09 13:56,0,11
2022/04/09 13:57,0,16
2022/04/09 13:57,0,21
2022/04/09 13:58,0,14
2022/04/09 13:59,0,21
2022/04/09 13:59,0,20
2022/04/09 14:00,0,18
2022/04/09 14:00,0,21
2022/04/09 14:01,0,20
2022/04/09 14:01,0,13
2022/04/09 14:02,0,23
2022/04/09 14:02,0,16
2022/04/09 14:02,0,14
2022/04/09 14:04,0,23
2022/04/09 14:04,0,10
2022/04/09 14:04,0,19
2022/04/09 14:05,0,12
2022/04/09 14:05,0,18
2022/04/09 14:05,0,21
2022/04/09 14:06,0,20
2022/04/09 14:06,0,10
2022/04/09 14:06,0,18
2022/04/09 14:06,0,17
2022/04/09 14:07,0,24
2022/04/09 14:08,0,14
2022/04/09 14:08,0,23
2022/04/09 14:10,0,15
2022/04/09 14:11,0,25
2022/04/09 14:12,0,11
2022/04/09 14:12,0,24
2022/04/09 14:12,0,21
2022/04/09 14:12,0,22
2022/04/09 14:13,0,15
2022/04/09 14:13,0,12
2022/04/09 14:13,0,12
2022/04/09 14:13,0,17
2022/04/09 14:14,0,23
2022/04/09 14:14,0,18
2022/04/09 14:14,0,13
2022/04/09 14:14,0,13
2022/04/09 14:15,0,24
2022/04/09 14:15,0,15
2022/04/09 14:15,0,21
2022/04/09 14:16,0,16
2022/04/09 14:16,0,16
2022/04/09 14:16,0,14
2022/04/09 14:17,0,24
2022/04/09 14:18,0,23
2022/04/09 14:18,0,15
2022/04/09 14:18,0,16
2022/04/09 14:18,0,21
2022/04/09 14:20,0,17
2022/04/09 14:20,0,15
2022/04/09 14:20,0,10
2022/04/09 14:21,0,22
2022/04/09 14:22,0,15
2022/04/09 14:23,0,21
2022/04/09 14:23,0,18
2022/04/09 14:23,0,10
2022/04/09 14:24,0,17
2022/04/09 14:25,0,21
2022/04/09 14:25,0,24
2022/04/09 14:25,0,14
2022/04/09 14:26,0,19
2022/04/09 14:26,0,14
2022/04/09 14:26,0,11
2022/04/09 14:26,0,11
2022/04/09 14:26,0,19
2022/04/09 14:26,0,15
2022/04/09 14:27,0,11
2022/04/09 14:28,0,21
2022/04/09 14:28,0,16
2022/04/09 14:29,0,17
2022/04/09 14:29,0,15
2022/04/09 14:29,0,24
2022/04/09 14:29,0,14
2022/04/09 14:31,0,20
2022/04/09 14:31,0,11
2022/04/09 14:32,0,22
2022/04/09 14:32,0,14
2022/04/09 14:32,0,20
2022/04/09 14:33,0,15
2022/04/09 14:34,0,20
2022/04/09 14:34,0,15
2022/04/09 14:34,0,10
2022/04/09 14:35,0,11
2022/04/09 14:35,0,12
2022/04/09 14:35,0,17
2022/04/09 14:37,0,15
2022/04/09 14:37,0,24
2022/04/09 14:37,0,25
2022/04/09 14:37,0,19
2022/04/09 14:38,0,11
2022/04/09 14:38,0,15
2022/04/09 14:38,0,19
2022/04/09 14:38,0,15
2022/04/09 14:38,0,16
2022/04/09 14:38,0,22
2022/04/09 14:39,0,12
2022/04/09 14:39,0,21
2022/04/09 14:39,0,15
2022/04/09 14:40,0,10
2022/04/09 14:40,0,23
2022/04/09 14:41,0,11
2022/04/09 14:42,0,12
2022/04/09 14:42,0,15
2022/04/09 14:43,0,18
2022/04/09 14:43,0,21
2022/04/09 14:43,0,24
2022/04/09 14:44,0,14
2022/04/09 14:44,0,14
2022/04/09 14:44,0,17
2022/04/09 14:45,0,25
2022/04/09 14:45,0,10
2022/04/09 14:45,0,13
2022/04/09 14:45,0,12
2022/04/09 14:45,0,18
2022/04/09 14:46,0,12
2022/04/09 14:46,0,20
2022/04/09 14:46,0,25
2022/04/09 14:46,0,23
2022/04/09 14:46,0,24
2022/04/09 14:46,0,17
2022/04/09 14:46,0,24
2022/04/09 14:47,0,12
2022/04/09 14:47,0,19
2022/04/09 14:49,0,11
2022/04/09 14:50,0,21
2022/04/09 14:51,0,14
2022/04/09 14:51,0,18
2022/04/09 14:51,0,12
2022/04/09 14:51,0,13
2022/04/09 14:51,0,21
2022/04/09 14:52,0,23
2022/04/09 14:52,0,21
2022/04/09 14:53,0,25
2022/04/09 14:54,0,20
2022/04/09 14:54,0,23
2022/04/09 14:55,0,19
2022/04/09 14:55,0,18
2022/04/09 14:56,0,12
2022/04/09 14:56,0,22
2022/04/09 14:56,0,24
2022/04/09 14:57,0,10
2022/04/09 14:57,0,13
2022/04/09 14:58,0,10
2022/04/09 14:58,0,12
2022/04/09 14:59,0,18
2022/04/09 14:59,0,12
2022/04/09 15:00,0,12
2022/04/09 15:00,0,11
2022/04/09 15:01,0,10
2022/04/09 15:02,0,22
2022/04/09 15:02,0,10
2022/04/09 15:02,0,20
2022/04/09 15:03,0,17
2022/04/09 15:03,0,17
2022/04/09 15:03,0,16
2022/04/09 15:03,0,15
2022/04/09 15:04,0,18
2022/04/09 15:05,0,25
2022/04/09 15:06,0,20
2022/04/09 15:06,0,11
2022/04/09 15:07,0,15
2022/04/09 15:07,0,23
2022/04/09 15:07,0,24
2022/04/09 15:08,0,21
2022/04/09 15:08,0,17
2022/04/09 15:08,0,12
2022/04/09 15:08,0,12
2022/04/09 15:10,0,16
2022/04/09 15:10,0,23
2022/04/09 15:12,0,25
2022/04/09 15:13,0,24
2022/04/09 15:13,0,22
2022/04/09 15:14,0,23
2022/04/09 15:14,0,23
2022/04/09 15:15,0,19
2022/04/09 15:16,0,15
2022/04/09 15:16,0,13
2022/04/09 15:17,0,23
2022/04/09 15:18,0,16
2022/04/09 15:19,0,15
2022/04/09 15:20,0,13
2022/04/09 15:20,0,23
2022/04/09 15:21,0,23
2022/04/09 15:21,0,19
2022/04/09 15:22,0,14
2022/04/09 15:23,0,13
2022/04/09 15:23,0,25
2022/04/09 15:23,0,10
2022/04/09 15:24,0,19
2022/04/09 15:24,0,17
2022/04/09 15:24,0,17
2022/04/09 15:24,0,16
2022/04/09 15:24,0,15
2022/04/09 15:24,0,21
2022/04/09 15:25,0,11
2022/04/09 15:26,0,16
2022/04/09 15:26,0,17
2022/04/09 15:27,0,24
2022/04/09 15:27,0,17
2022/04/09 15:27,0,24
2022/04/09 15:28,0,16
2022/04/09 15:28,0,22
2022/04/09 15:29,0,11
2022/04/09 15:30,0,20
2022/04/09 15:30,0,13
2022/04/09 15:30,0,17
2022/04/09 15:30,0,16
2022/04/09 15:32,0,17
2022/04/09 15:32,0,17
2022/04/09 15:32,0,14
2022/04/09 15:32,0,13
2022/04/09 15:32,0,25
2022/04/09 15:33,0,16
2022/04/09 15:33,0,17
2022/04/09 15:34,0,17
2022/04/09 15:34,0,11
2022/04/09 15:34,0,25
2022/04/09 15:34,0,18
2022/04/09 15:35,0,19
2022/04/09 15:35,0,18
2022/04/09 15:35,0,20
2022/04/09 15:36,0,14
2022/04/09 15:36,0,15
2022/04/09 15:37,0,12
2022/04/09 15:37,0,19
2022/04/09 15:37,0,15
2022/04/09 15:38,0,20
2022/04/09 15:38,0,11
2022/04/09 15:39,0,14
2022/04/09 15:39,0,16
2022/04/09 15:39,0,23
2022/04/09 15:39,0,20
2022/04/09 15:40,0,12
2022/04/09 15:40,0,16
2022/04/09 15:40,0,21
2022/04/09 15:41,0,18
2022/04/09 15:42,0,17
2022/04/09 15:43,0,25
2022/04/09 15:43,0,14
2022/04/09 15:43,0,13
2022/04/09 15:44,0,10
2022/04/09 15:45,0,17
2022/04/09 15:46,0,21
2022/04/09 15:47,0,19
2022/04/09 15:49,0,13
2022/04/09 15:49,0,24
2022/04/09 15:49,0,25
2022/04/09 15:49,0,10
2022/04/09 15:50,0,11
2022/04/09 15:50,0,24
2022/04/09 15:51,0,18
2022/04/09 15:52,0,19
2022/04/09 15:52,0,21
2022/04/09 15:52,0,24
2022/04/09 15:52,0,22
2022/04/09 15:52,0,22
2022/04/09 15:52,0,10
2022/04/09 15:52,0,23
2022/04/09 15:53,0,15
2022/04/09 15:53,0,16
2022/04/09 15:53,0,25
2022/04/09 15:53,0,25
2022/04/09 15:54,0,19
2022/04/09 15:54,0,17
2022/04/09 15:54,0,23
2022/04/09 15:55,0,12
2022/04/09 15:56,0,12
2022/04/09 15:56,0,22
2022/04/09 15:56,0,11
2022/04/09 15:56,0,19
2022/04/09 15:56,0,10
2022/04/09 15:57,0,22
2022/04/09 15:57,0,23
2022/04/09 15:57,0,17
2022/04/09 15:57,0,11
2022/04/09 15:57,0,12
2022/04/09 15:57,0,23
2022/04/09 15:58,0,17
2022/04/09 15:58,0,16
2022/04/09 15:59,0,25
2022/04/09 15:59,0,22
2022/04/09 15:59,0,22
2022/04/09 16:00,0,15
2022/04/09 16:00,0,12
2022/04/09 16:00,0,18
2022/04/09 16:01,0,21
2022/04/09 16:03,0,23
2022/04/09 16:03,0,20
2022/04/09 16:03,0,15
2022/04/09 16:04,0,21
2022/04/09 16:04,0,23
2022/04/09 16:04,0,21
2022/04/09 16:05,0,16
2022/04/09 16:05,0,14
2022/04/09 16:06,0,17
2022/04/09 16:06,0,21
2022/04/09 16:06,0,19
2022/04/09 16:07,0,15
2022/04/09 16:07,0,19
2022/04/09 16:07,0,13
2022/04/09 16:07,0,17
2022/04/09 16:08,0,11
2022/04/09 16:08,0,16
2022/04/09 16:08,0,15
2022/04/09 16:10,0,19
2022/04/09 16:11,0,16
2022/04/09 16:11,0,18
2022/04/09 16:12,0,12
2022/04/09 16:12,0,11
2022/04/09 16:12,0,22
2022/04/09 16:12,0,16
2022/04/09 16:12,0,20
2022/04/09 16:13,0,10
2022/04/09 16:13,0,22
2022/04/09 16:13,0,23
2022/04/09 16:14,0,18
2022/04/09 16:14,0,22
2022/04/09 16:14,0,10
2022/04/09 16:14,0,18
2022/04/09 16:14,0,13
2022/04/09 16:15,0,25
2022/04/09 16:16,0,11
2022/04/09 16:17,0,22
2022/04/09 16:17,0,22
2022/04/09 16:17,0,17
2022/04/09 16:18,0,13
2022/04/09 16:18,0,14
2022/04/09 16:18,0,14
2022/04/09 16:19,0,17
2022/04/09 16:19,0,11
2022/04/09 16:19,0,10
2022/04/09 16:20,0,22
2022/04/09 16:20,0,21
2022/04/09 16:20,0,15
2022/04/09 16:21,0,16
2022/04/09 16:21,0,17
2022/04/09 16:21,0,15
2022/04/09 16:21,0,22
2022/04/09 16:21,0,25
2022/04/09 16:21,0,12
2022/04/09 16:22,0,16
2022/04/09 16:22,0,12
2022/04/09 16:23,0,23
2022/04/09 16:23,0,15
2022/04/09 16:24,0,13
2022/04/09 16:24,0,22
2022/04/09 16:24,0,13
2022/04/09 16:25,0,12
2022/04/09 16:25,0,19
2022/04/09 16:25,0,10
2022/04/09 16:26,0,17
2022/04/09 16:26,0,24
2022/04/09 16:26,0,17
2022/04/09 16:27,0,15
2022/04/09 16:28,0,17
2022/04/09 16:28,0,11
2022/04/09 16:28,0,19
2022/04/09 16:28,0,14
2022/04/09 16:29,0,14
2022/04/09 16:29,0,21
2022/04/09 16:29,0,24
2022/04/09 16:29,0,21
2022/04/09 16:29,0,24
2022/04/09 16:29,0,21
2022/04/09 16:30,0,18
2022/04/09 16:32,0,24
2022/04/09 16:32,0,13
2022/04/09 16:33,0,10
2022/04/09 16:33,0,25
2022/04/09 16:34,0,25
2022/04/09 16:35,0,14
2022/04/09 16:35,0,17
2022/04/09 16:35,0,19
2022/04/09 16:36,0,24
2022/04/09 16:36,0,23
2022/04/09 16:36,0,23
2022/04/09 16:36,0,15
2022/04/09 16:37,0,18
2022/04/09 16:38,0,18
2022/04/09 16:38,0,15
2022/04/09 16:38,0,13
2022/04/09 16:38,0,17
2022/04/09 16:39,0,24
2022/04/09 16:40,0,18
2022/04/09 16:41,0,22
2022/04/09 16:42,0,15
2022/04/09 16:42,0,21
2022/04/09 16:42,0,11
2022/04/09 16:44,0,16
2022/04/09 16:44,0,23
2022/04/09 16:44,0,14
2022/04/09 16:44,0,25
2022/04/09 16:45,0,23
2022/04/09 16:45,0,23
2022/04/09 16:45,0,15
2022/04/09 16:46,0,12
2022/04/09 16:46,0,11
2022/04/09 16:47,0,22
2022/04/09 16:47,0,17
2022/04/09 16:48,0,19
2022/04/09 16:48,0,20
2022/04/09 16:48,0,18
2022/04/09 16:49,0,24
2022/04/09 16:50,0,25
2022/04/09 16:50,0,25
2022/04/09 16:50,0,16
2022/04/09 16:50,0,14
2022/04/09 16:50,0,25
2022/04/09 16:50,0,10
2022/04/09 16:51,0,21
2022/04/09 16:51,0,17
2022/04/09 16:51,0,19
2022/04/09 16:51,0,13
2022/04/09 16:52,0,21
2022/04/09 16:52,0,19
2022/04/09 16:53,0,24
2022/04/09 16:53,0,25
2022/04/09 16:53,0,24
2022/04/09 16:54,0,12
2022/04/09 16:55,0,15
2022/04/09 16:55,0,13
2022/04/09 16:55,0,24
2022/04/09 16:55,0,19
2022/04/09 16:58,0,25
2022/04/09 16:58,0,18
2022/04/09 16:58,0,25
2022/04/09 17:00,0,20
2022/04/09 17:00,0,11
2022/04/09 17:03,0,13
2022/04/09 17:03,0,15
2022/04/09 17:03,0,22
2022/04/09 17:03,0,15
2022/04/09 17:04,0,22
2022/04/09 17:04,0,21
2022/04/09 17:04,0,24
2022/04/09 17:05,0,16
2022/04/09 17:05,0,23
2022/04/09 17:05,0,11
2022/04/09 17:07,0,13
2022/04/09 17:07,0,24
2022/04/09 17:07,0,12
2022/04/09 17:08,0,12
2022/04/09 17:08,0,20
2022/04/09 17:09,0,14
2022/04/09 17:09,0,10
2022/04/09 17:10,0,10
2022/04/09 17:10,0,15
2022/04/09 17:11,0,15
2022/04/09 17:11,0,24
2022/04/09 17:11,0,24
2022/04/09 17:12,0,10
2022/04/09 17:13,0,12
2022/04/09 17:13,0,10
2022/04/09 17:13,0,12
2022/04/09 17:14,0,15
2022/04/09 17:15,0,17
2022/04/09 17:15,0,17
2022/04/09 17:16,0,23
2022/04/09 17:17,0,20
2022/04/09 17:17,0,15
2022/04/09 17:17,0,17
2022/04/09 17:18,0,19
2022/04/09 17:18,0,17
2022/04/09 17:19,0,25
2022/04/09 17:19,0,11
2022/04/09 17:19,0,24
2022/04/09 17:20,0,10
2022/04/09 17:20,0,23
2022/04/09 17:20,0,10
2022/04/09 17:22,0,11
2022/04/09 17:22,0,15
2022/04/09 17:22,0,13
2022/04/09 17:23,0,16
2022/04/09 17:23,0,16
2022/04/09 17:23,0,11
2022/04/09 17:24,0,15
2022/04/09 17:24,0,24
2022/04/09 17:24,0,11
2022/04/09 17:24,0,21
2022/04/09 17:24,0,10
2022/04/09 17:25,0,14
2022/04/09 17:25,0,13
2022/04/09 17:26,0,24
2022/04/09 17:27,0,10
2022/04/09 17:27,0,16
2022/04/09 17:27,0,22
2022/04/09 17:29,0,16
2022/04/09 17:29,0,13
2022/04/09 17:29,0,20
2022/04/09 17:30,0,19
2022/04/09 17:30,0,16
2022/04/09 17:30,0,11
2022/04/09 17:30,0,17
2022/04/09 17:31,0,24
2022/04/09 17:31,0,12
2022/04/09 17:32,0,24
2022/04/09 17:32,0,25
2022/04/09 17:32,0,25
2022/04/09 17:32,0,11
2022/04/09 17:32,0,22
2022/04/09 17:33,0,25
2022/04/09 17:34,0,13
2022/04/09 17:35,0,12
2022/04/09 17:35,0,23
2022/04/09 17:35,0,15
2022/04/09 17:35,0,25
2022/04/09 17:36,0,18
2022/04/09 17:37,0,12
2022/04/09 17:37,0,10
2022/04/09 17:38,0,23
2022/04/09 17:38,0,12
2022/04/09 17:38,0,12
2022/04/09 17:38,0,21
2022/04/09 17:39,0,17
2022/04/09 17:40,0,15
2022/04/09 17:41,0,16
2022/04/09 17:41,0,12
2022/04/09 17:41,0,13
2022/04/09 17:41,0,11
2022/04/09 17:41,0,11
2022/04/09 17:41,0,13
2022/04/09 17:41,0,11
2022/04/09 17:41,0,17
2022/04/09 17:42,0,14
2022/04/09 17:42,0,21
2022/04/09 17:43,0,21
2022/04/09 17:44,0,15
2022/04/09 17:44,0,20
2022/04/09 17:45,0,25
2022/04/09 17:46,0,10
2022/04/09 17:46,0,22
2022/04/09 17:47,0,22
2022/04/09 17:47,0,15
2022/04/09 17:49,0,10
2022/04/09 17:49,0,20
2022/04/09 17:50,0,11
2022/04/09 17:50,0,21
2022/04/09 17:51,0,15
2022/04/09 17:51,0,13
2022/04/09 17:51,0,24
2022/04/09 17:52,0,13
2022/04/09 17:52,0,20
2022/04/09 17:53,0,17
2022/04/09 17:53,0,22
2022/04/09 17:53,0,11
2022/04/09 17:53,0,20
2022/04/09 17:53,0,20
2022/04/09 17:53,0,18
2022/04/09 17:53,0,15
2022/04/09 17:55,0,21
2022/04/09 17:56,0,10
2022/04/09 17:57,0,23
2022/04/09 17:57,0,11
2022/04/09 17:57,0,19
2022/04/09 17:57,0,24
2022/04/09 17:59,0,11
2022/04/09 18:00,0,11
2022/04/09 18:00,0,14
2022/04/09 18:00,0,13
2022/04/09 18:00,0,16
2022/04/09 18:01,0,16
2022/04/09 18:02,0,11
2022/04/09 18:02,0,19
2022/04/09 18:03,0,20
2022/04/09 18:04,0,24
2022/04/09 18:04,0,18
2022/04/09 18:04,0,13
2022/04/09 18:04,0,24
2022/04/09 18:05,0,12
2022/04/09 18:05,0,14
2022/04/09 18:05,0,18
2022/04/09 18:05,0,10
2022/04/09 18:06,0,20
2022/04/09 18:06,0,20
2022/04/09 18:07,0,20
2022/04/09 18:07,0,17
2022/04/09 18:08,0,12
2022/04/09 18:08,0,10
2022/04/09 18:08,0,14
2022/04/09 18:09,0,12
2022/04/09 18:10,0,21
2022/04/09 18:10,0,23
2022/04/09 18:11,0,24
2022/04/09 18:11,0,22
2022/04/09 18:11,0,11
2022/04/09 18:13,0,17
2022/04/09 18:13,0,21
2022/04/09 18:14,0,12
2022/04/09 18:14,0,22
2022/04/09 18:14,0,21
2022/04/09 18:15,0,14
2022/04/09 18:17,0,16
2022/04/09 18:17,0,14
2022/04/09 18:17,0,24
2022/04/09 18:18,0,10
2022/04/09 18:18,0,14
2022/04/09 18:19,0,25
2022/04/09 18:19,0,22
2022/04/09 18:19,0,12
2022/04/09 18:19,0,25
2022/04/09 18:19,0,21
2022/04/09 18:20,0,16
2022/04/09 18:22,0,12
2022/04/09 18:23,0,24
2022/04/09 18:23,0,11
2022/04/09 18:23,0,22
2022/04/09 18:25,0,25
2022/04/09 18:27,0,21
2022/04/09 18:28,0,16
2022/04/09 18:28,0,10
2022/04/09 18:29,0,11
2022/04/09 18:29,0,22
2022/04/09 18:30,0,11
2022/04/09 18:30,0,25
2022/04/09 18:34,0,11
2022/04/09 18:34,0,22
2022/04/09 18:34,0,25
2022/04/09 18:34,0,12
2022/04/09 18:35,0,24
2022/04/09 18:36,0,24
2022/04/09 18:37,0,18
2022/04/09 18:38,0,23
2022/04/09 18:38,0,24
2022/04/09 18:38,0,22
2022/04/09 18:39,0,13
2022/04/09 18:39,0,12
2022/04/09 18:40,0,11
2022/04/09 18:40,0,25
2022/04/09 18:40,0,14
2022/04/09 18:40,0,14
2022/04/09 18:41,0,20
2022/04/09 18:41,0,13
2022/04/09 18:42,0,17
2022/04/09 18:43,0,24
2022/04/09 18:44,0,13
2022/04/09 18:45,0,25
2022/04/09 18:45,0,20
2022/04/09 18:46,0,22
2022/04/09 18:47,0,24
2022/04/09 18:47,0,11
2022/04/09 18:48,0,23
2022/04/09 18:48,0,18
2022/04/09 18:48,0,13
2022/04/09 18:49,0,17
2022/04/09 18:49,0,24
2022/04/09 18:49,0,20
2022/04/09 18:49,0,10
2022/04/09 18:51,0,19
2022/04/09 18:51,0,22
2022/04/09 18:51,0,14
2022/04/09 18:52,0,17
2022/04/09 18:53,0,14
2022/04/09 18:53,0,23
2022/04/09 18:53,0,12
2022/04/09 18:53,0,12
2022/04/09 18:53,0,10
2022/04/09 18:54,0,18
2022/04/09 18:54,0,10
2022/04/09 18:54,0,11
2022/04/09 18:54,0,25
2022/04/09 18:55,0,19
2022/04/09 18:55,0,24
2022/04/09 18:55,0,13
2022/04/09 18:55,0,19
2022/04/09 18:55,0,16
2022/04/09 18:56,0,24
2022/04/09 18:57,0,16
2022/04/09 18:57,0,18
2022/04/09 18:57,0,18
2022/04/09 18:58,0,17
2022/04/09 18:58,0,13
2022/04/09 18:59,0,22
2022/04/09 19:00,0,19
2022/04/09 19:01,0,18
2022/04/09 19:01,0,19
2022/04/09 19:02,0,14
2022/04/09 19:03,0,25
2022/04/09 19:03,0,13
2022/04/09 19:03,0,11
2022/04/09 19:04,0,17
2022/04/09 19:04,0,25
2022/04/09 19:04,0,24
2022/04/09 19:04,0,19
2022/04/09 19:05,0,16
2022/04/09 19:05,0,17
2022/04/09 19:05,0,11
2022/04/09 19:06,0,23
2022/04/09 19:06,0,18
2022/04/09 19:06,0,19
2022/04/09 19:07,0,16
2022/04/09 19:07,0,19
2022/04/09 19:07,0,15
2022/04/09 19:07,0,24
2022/04/09 19:07,0,10
2022/04/09 19:07,0,14
2022/04/09 19:08,0,23
2022/04/09 19:08,0,18
2022/04/09 19:08,0,23
2022/04/09 19:09,0,21
2022/04/09 19:10,0,17
2022/04/09 19:11,0,19
2022/04/09 19:12,0,22
2022/04/09 19:12,0,15
2022/04/09 19:12,0,10
2022/04/09 19:12,0,12
2022/04/09 19:12,0,15
2022/04/09 19:14,0,24
2022/04/09 19:15,0,14
2022/04/09 19:16,0,19
2022/04/09 19:17,0,11
2022/04/09 19:17,0,12
2022/04/09 19:19,0,13
2022/04/09 19:19,0,17
2022/04/09 19:19,0,12
2022/04/09 19:19,0,15
2022/04/09 19:19,0,14
2022/04/09 19:20,0,12
2022/04/09 19:20,0,13
2022/04/09 19:21,0,22
2022/04/09 19:22,0,16
2022/04/09 19:22,0,21
2022/04/09 19:23,0,11
2022/04/09 19:23,0,13
2022/04/09 19:23,0,18
2022/04/09 19:24,0,13
2022/04/09 19:25,0,13
2022/04/09 19:26,0,20
2022/04/09 19:26,0,11
2022/04/09 19:27,0,25
2022/04/09 19:28,0,14
2022/04/09 19:29,0,19
2022/04/09 19:30,0,11
2022/04/09 19:31,0,16
2022/04/09 19:31,0,19
2022/04/09 19:32,0,16
2022/04/09 19:33,0,10
2022/04/09 19:33,0,14
2022/04/09 19:34,0,25
2022/04/09 19:35,0,25
2022/04/09 19:36,0,19
2022/04/09 19:36,0,24
2022/04/09 19:37,0,14
2022/04/09 19:37,0,10
2022/04/09 19:37,0,13
2022/04/09 19:37,0,17
2022/04/09 19:38,0,20
2022/04/09 19:39,0,18
2022/04/09 19:39,0,13
2022/04/09 19:39,0,24
2022/04/09 19:39,0,19
2022/04/09 19:39,0,23
2022/04/09 19:39,0,10
2022/04/09 19:39,0,24
2022/04/09 19:40,0,23
2022/04/09 19:40,0,12
2022/04/09 19:40,0,19
2022/04/09 19:41,0,18
2022/04/09 19:41,0,15
2022/04/09 19:42,0,17
2022/04/09 19:43,0,11
2022/04/09 19:45,0,16
2022/04/09 19:45,0,10
2022/04/09 19:45,0,25
2022/04/09 19:45,0,17
2022/04/09 19:47,0,19
2022/04/09 19:47,0,12
2022/04/09 19:48,0,12
2022/04/09 19:48,0,22
2022/04/09 19:48,0,13
2022/04/09 19:48,0,16
2022/04/09 19:49,0,19
2022/04/09 19:49,0,23
2022/04/09 19:50,0,20
2022/04/09 19:50,0,16
2022/04/09 19:50,0,16
2022/04/09 19:50,0,23
2022/04/09 19:51,0,16
2022/04/09 19:52,0,22
2022/04/09 19:53,0,20
2022/04/09 19:53,0,13
2022/04/09 19:53,0,10
2022/04/09 19:54,0,23
2022/04/09 19:54,0,25
2022/04/09 19:54,0,18
2022/04/09 19:54,0,11
2022/04/09 19:55,0,13
2022/04/09 19:55,0,16
2022/04/09 19:56,0,12
2022/04/09 19:56,0,10
2022/04/09 19:56,0,12
2022/04/09 19:57,0,19
2022/04/09 19:58,0,25
2022/04/09 19:58,0,15
2022/04/09 19:58,0,19
2022/04/09 19:58,0,22
2022/04/09 19:59,0,14
2022/04/09 20:02,0,17
2022/04/09 20:03,0,13
2022/04/09 20:03,0,16
2022/04/09 20:04,0,13
2022/04/09 20:04,0,24
2022/04/09 20:05,0,25
2022/04/09 20:05,0,22
2022/04/09 20:06,0,25
2022/04/09 20:06,0,11
2022/04/09 20:07,0,13
2022/04/09 20:07,0,16
2022/04/09 20:07,0,20
2022/04/09 20:07,0,25
2022/04/09 20:08,0,25
2022/04/09 20:08,0,13
2022/04/09 20:08,0,24
2022/04/09 20:09,0,22
2022/04/09 20:09,0,17
2022/04/09 20:10,0,10
2022/04/09 20:11,0,10
2022/04/09 20:11,0,21
2022/04/09 20:12,0,24
2022/04/09 20:12,0,15
2022/04/09 20:13,0,20
2022/04/09 20:14,0,19
2022/04/09 20:15,0,20
2022/04/09 20:15,0,11
2022/04/09 20:16,0,16
2022/04/09 20:17,0,16
2022/04/09 20:17,0,16
2022/04/09 20:18,0,22
2022/04/09 20:18,0,14
2022/04/09 20:19,0,21
2022/04/09 20:19,0,10
2022/04/09 20:19,0,20
2022/04/09 20:19,0,23
2022/04/09 20:19,0,15
2022/04/09 20:21,0,22
2022/04/09 20:22,0,23
2022/04/09 20:22,0,14
2022/04/09 20:23,0,17
2022/04/09 20:23,0,14
2022/04/09 20:24,0,11
2022/04/09 20:27,0,20
2022/04/09 20:28,0,21
2022/04/09 20:28,0,19
2022/04/09 20:28,0,11
2022/04/09 20:29,0,12
2022/04/09 20:29,0,25
2022/04/09 20:29,0,15
2022/04/09 20:29,0,24
2022/04/09 20:31,0,20
2022/04/09 20:32,0,24
2022/04/09 20:33,0,24
2022/04/09 20:33,0,25
2022/04/09 20:33,0,18
2022/04/09 20:34,0,10
2022/04/09 20:34,0,19
2022/04/09 20:34,0,23
2022/04/09 20:34,0,14
2022/04/09 20:35,0,11
2022/04/09 20:36,0,17
2022/04/09 20:36,0,19
2022/04/09 20:36,0,20
2022/04/09 20:37,0,19
2022/04/09 20:37,0,15
2022/04/09 20:37,0,20
2022/04/09 20:37,0,14
2022/04/09 20:38,0,21
2022/04/09 20:38,0,18
2022/04/09 20:39,0,13
2022/04/09 20:39,0,10
2022/04/09 20:40,0,13
2022/04/09 20:41,0,16
2022/04/09 20:41,0,18
2022/04/09 20:41,0,12
2022/04/09 20:41,0,12
2022/04/09 20:41,0,12
2022/04/09 20:42,0,16
2022/04/09 20:43,0,20
2022/04/09 20:44,0,23
2022/04/09 20:44,0,16
2022/04/09 20:44,0,16
2022/04/09 20:45,0,24
2022/04/09 20:46,0,15
2022/04/09 20:46,0,12
2022/04/09 20:47,0,15
2022/04/09 20:48,0,11
2022/04/09 20:48,0,18
2022/04/09 20:49,0,12
2022/04/09 20:50,0,23
2022/04/09 20:50,0,24
2022/04/09 20:51,0,16
2022/04/09 20:52,0,18
2022/04/09 20:52,0,16
2022/04/09 20:52,0,12
2022/04/09 20:52,0,23
2022/04/09 20:52,0,10
2022/04/09 20:52,0,10
2022/04/09 20:52,0,10
2022/04/09 20:53,0,18
2022/04/09 20:54,0,21
2022/04/09 20:56,0,24
2022/04/09 20:56,0,11
2022/04/09 20:57,0,19
2022/04/09 20:57,0,18
2022/04/09 20:58,0,11
2022/04/09 20:58,0,10
2022/04/09 20:58,0,25
2022/04/09 20:58,0,14
2022/04/09 20:58,0,25
2022/04/09 20:59,0,18
2022/04/09 20:59,0,11
2022/04/09 21:01,0,20
2022/04/09 21:01,0,15
2022/04/09 21:02,0,10
2022/04/09 21:03,0,23
2022/04/09 21:05,0,20
2022/04/09 21:05,0,19
2022/04/09 21:05,0,15
2022/04/09 21:06,0,18
2022/04/09 21:06,0,10
2022/04/09 21:07,0,22
2022/04/09 21:09,0,23
2022/04/09 21:09,0,18
2022/04/09 21:09,0,20
2022/04/09 21:09,0,14
2022/04/09 21:09,0,20
2022/04/09 21:09,0,14
2022/04/09 21:10,0,23
2022/04/09 21:12,0,11
2022/04/09 21:12,0,13
2022/04/09 21:12,0,23
2022/04/09 21:12,0,11
2022/04/09 21:12,0,12
2022/04/09 21:12,0,16
2022/04/09 21:13,0,25
2022/04/09 21:13,0,20
2022/04/09 21:13,0,23
2022/04/09 21:14,0,23
2022/04/09 21:14,0,22
2022/04/09 21:15,0,25
2022/04/09 21:16,0,24
2022/04/09 21:17,0,20
2022/04/09 21:18,0,21
2022/04/09 21:18,0,15
2022/04/09 21:18,0,25
2022/04/09 21:18,0,20
2022/04/09 21:18,0,15
2022/04/09 21:19,0,21
2022/04/09 21:20,0,23
2022/04/09 21:20,0,12
2022/04/09 21:20,0,13
2022/04/09 21:21,0,23
2022/04/09 21:21,0,18
2022/04/09 21:21,0,14
2022/04/09 21:22,0,16
2022/04/09 21:22,0,20
2022/04/09 21:22,0,18
2022/04/09 21:22,0,19
2022/04/09 21:23,0,21
2022/04/09 21:24,0,19
2022/04/09 21:24,0,10
2022/04/09 21:25,0,22
2022/04/09 21:26,0,16
2022/04/09 21:26,0,11
2022/04/09 21:26,0,22
2022/04/09 21:27,0,23
2022/04/09 21:28,0,19
2022/04/09 21:28,0,25
2022/04/09 21:28,0,20
2022/04/09 21:29,0,17
2022/04/09 21:30,0,15
2022/04/09 21:30,0,25
2022/04/09 21:33,0,25
2022/04/09 21:33,0,18
2022/04/09 21:33,0,25
2022/04/09 21:34,0,11
2022/04/09 21:34,0,16
2022/04/09 21:34,0,10
2022/04/09 21:34,0,21
2022/04/09 21:34,0,17
2022/04/09 21:35,0,12
2022/04/09 21:35,0,23
2022/04/09 21:35,0,22
2022/04/09 21:35,0,16
2022/04/09 21:36,0,16
2022/04/09 21:37,0,12
2022/04/09 21:38,0,12
2022/04/09 21:39,0,16
2022/04/09 21:39,0,18
2022/04/09 21:39,0,13
2022/04/09 21:40,0,22
2022/04/09 21:41,0,10
2022/04/09 21:41,0,16
2022/04/09 21:42,0,14
2022/04/09 21:42,0,23
2022/04/09 21:42,0,21
2022/04/09 21:43,0,24
2022/04/09 21:43,0,22
2022/04/09 21:44,0,20
2022/04/09 21:44,0,17
2022/04/09 21:45,0,11
2022/04/09 21:46,0,14
2022/04/09 21:46,0,14
2022/04/09 21:46,0,19
2022/04/09 21:47,0,19
2022/04/09 21:48,0,23
2022/04/09 21:48,0,25
2022/04/09 21:48,0,12
2022/04/09 21:49,0,24
2022/04/09 21:49,0,16
2022/04/09 21:49,0,17
2022/04/09 21:49,0,11
2022/04/09 21:49,0,19
2022/04/09 21:50,0,19
2022/04/09 21:51,0,17
2022/04/09 21:52,0,13
2022/04/09 21:52,0,12
2022/04/09 21:55,0,11
2022/04/09 21:56,0,12
2022/04/09 21:56,0,17
2022/04/09 21:58,0,19
2022/04/09 21:59,0,10
2022/04/09 22:00,0,15
2022/04/09 22:00,0,10
2022/04/09 22:01,0,21
2022/04/09 22:02,0,20
2022/04/09 22:02,0,19
2022/04/09 22:02,0,24
2022/04/09 22:03,0,17
2022/04/09 22:03,0,21
2022/04/09 22:03,0,12
2022/04/09 22:04,0,12
2022/04/09 22:04,0,18
2022/04/09 22:04,0,11
2022/04/09 22:04,0,23
2022/04/09 22:04,0,19
2022/04/09 22:05,0,24
2022/04/09 22:05,0,23
2022/04/09 22:06,0,13
2022/04/09 22:06,0,25
2022/04/09 22:06,0,15
2022/04/09 22:06,0,14
2022/04/09 22:06,0,18
2022/04/09 22:06,0,19
2022/04/09 22:07,0,14
2022/04/09 22:08,0,19
2022/04/09 22:08,0,14
2022/04/09 22:08,0,19
2022/04/09 22:09,0,17
2022/04/09 22:10,0,15
2022/04/09 22:10,0,15
2022/04/09 22:11,0,21
2022/04/09 22:11,0,20
2022/04/09 22:11,0,10
2022/04/09 22:11,0,18
2022/04/09 22:12,0,20
2022/04/09 22:12,0,24
2022/04/09 22:13,0,19
2022/04/09 22:13,0,17
2022/04/09 22:13,0,13
2022/04/09 22:13,0,20
2022/04/09 22:13,0,21
2022/04/09 22:14,0,10
2022/04/09 22:14,0,13
2022/04/09 22:16,0,13
2022/04/09 22:16,0,11
2022/04/09 22:16,0,22
2022/04/09 22:17,0,12
2022/04/09 22:17,0,18
2022/04/09 22:18,0,22
2022/04/09 22:18,0,19
2022/04/09 22:18,0,21
2022/04/09 22:19,0,17
2022/04/09 22:20,0,12
2022/04/09 22:21,0,15
2022/04/09 22:21,0,17
2022/04/09 22:23,0,15
2022/04/09 22:23,0,24
2022/04/09 22:23,0,17
2022/04/09 22:24,0,10
2022/04/09 22:25,0,22
2022/04/09 22:25,0,25
2022/04/09 22:26,0,10
2022/04/09 22:27,0,25
2022/04/09 22:28,0,12
2022/04/09 22:28,0,21
2022/04/09 22:29,0,14
2022/04/09 22:29,0,20
2022/04/09 22:30,3,75
2022/04/09 22:31,3,82
2022/04/09 22:32,3,76
2022/04/09 22:32,2,78
2022/04/09 22:33,3,90
2022/04/09 22:33,3,87
2022/04/09 22:35,3,85
2022/04/09 22:35,3,80
2022/04/09 22:35,2,83
2022/04/09 22:36,3,77
2022/04/09 22:36,2,85
2022/04/09 22:36,3,88
2022/04/09 22:37,2,88
2022/04/09 22:37,3,89
2022/04/09 22:37,3,75
2022/04/09 22:37,3,84
2022/04/09 22:37,3,87
2022/04/09 22:39,2,85
2022/04/09 22:39,3,79
2022/04/09 22:39,3,77
2022/04/09 22:40,3,82
2022/04/09 22:40,2,75
2022/04/09 22:42,0,17
2022/04/09 22:42,0,20
2022/04/09 22:42,0,10
2022/04/09 22:43,0,18
2022/04/09 22:43,0,10
2022/04/09 22:44,0,12
2022/04/09 22:44,0,15
2022/04/09 22:44,0,13
2022/04/09 22:44,0,16
2022/04/09 22:45,0,17
2022/04/09 22:46,0,20
2022/04/09 22:46,0,11
2022/04/09 22:46,0,19
2022/04/09 22:47,0,21
2022/04/09 22:47,0,23
2022/04/09 22:48,0,24
2022/04/09 22:48,0,15
2022/04/09 22:48,0,10
2022/04/09 22:49,0,14
2022/04/09 22:50,0,16
2022/04/09 22:50,0,12
2022/04/09 22:50,0,23
2022/04/09 22:50,0,15
2022/04/09 22:50,0,21
2022/04/09 22:52,0,13
2022/04/09 22:53,0,20
2022/04/09 22:53,0,11
2022/04/09 22:55,0,23
2022/04/09 22:55,0,16
2022/04/09 22:56,0,16
2022/04/09 22:57,0,12
2022/04/09 22:57,0,10
2022/04/09 22:58,0,10
2022/04/09 22:58,0,20
2022/04/09 22:59,0,13
2022/04/09 22:59,0,13
2022/04/09 23:00,0,22
2022/04/09 23:00,0,11
2022/04/09 23:01,0,23
2022/04/09 23:01,0,14
2022/04/09 23:02,0,10
2022/04/09 23:02,0,15
2022/04/09 23:02,0,12
2022/04/09 23:03,0,13
2022/04/09 23:03,0,15
2022/04/09 23:05,0,14
2022/04/09 23:05,0,22
2022/04/09 23:05,0,17
2022/04/09 23:06,0,25
2022/04/09 23:06,0,24
2022/04/09 23:07,0,15
2022/04/09 23:09,0,20
2022/04/09 23:09,0,12
2022/04/09 23:11,0,13
2022/04/09 23:11,0,19
2022/04/09 23:11,0,21
2022/04/09 23:11,0,10
2022/04/09 23:12,0,10
2022/04/09 23:12,0,24
2022/04/09 23:12,0,14
2022/04/09 23:12,0,23
2022/04/09 23:12,0,15
2022/04/09 23:12,0,22
2022/04/09 23:13,0,21
2022/04/09 23:13,0,10
2022/04/09 23:14,0,12
2022/04/09 23:14,0,10
2022/04/09 23:14,0,22
2022/04/09 23:15,0,11
2022/04/09 23:16,0,12
2022/04/09 23:16,0,17
2022/04/09 23:17,0,10
2022/04/09 23:17,0,14
2022/04/09 23:18,0,20
2022/04/09 23:18,0,20
2022/04/09 23:19,0,25
2022/04/09 23:19,0,25
2022/04/09 23:19,0,20
2022/04/09 23:19,0,22
2022/04/09 23:19,0,25
2022/04/09 23:21,0,13
2022/04/09 23:21,0,17
2022/04/09 23:22,0,15
2022/04/09 23:22,0,18
2022/04/09 23:23,0,10
2022/04/09 23:23,0,15
2022/04/09 23:23,0,18
2022/04/09 23:25,0,13
2022/04/09 23:25,0,23
2022/04/09 23:25,0,23
2022/04/09 23:25,0,17
2022/04/09 23:26,0,22
2022/04/09 23:27,0,13
2022/04/09 23:27,0,20
2022/04/09 23:27,0,25
2022/04/09 23:27,0,25
2022/04/09 23:27,0,11
2022/04/09 23:28,0,20
2022/04/09 23:28,0,21
2022/04/09 23:28,0,11
2022/04/09 23:29,0,20
2022/04/09 23:29,0,21
2022/04/09 23:29,0,21
2022/04/09 23:29,0,18
2022/04/09 23:32,0,21
2022/04/09 23:33,0,13
2022/04/09 23:34,0,14
2022/04/09 23:36,0,10
2022/04/09 23:36,0,10
2022/04/09 23:36,0,12
2022/04/09 23:37,0,18
2022/04/09 23:37,0,23
2022/04/09 23:37,0,24
2022/04/09 23:38,0,25
2022/04/09 23:38,0,18
2022/04/09 23:38,0,24
2022/04/09 23:39,0,18
2022/04/09 23:41,0,24
2022/04/09 23:41,0,18
2022/04/09 23:41,0,12
2022/04/09 23:41,0,12
2022/04/09 23:42,0,10
2022/04/09 23:42,0,14
2022/04/09 23:42,0,14
2022/04/09 23:42,0,25
2022/04/09 23:42,0,25
2022/04/09 23:43,0,24
2022/04/09 23:44,0,17
2022/04/09 23:44,0,21
2022/04/09 23:44,0,15
2022/04/09 23:45,0,18
2022/04/09 23:45,0,19
2022/04/09 23:46,0,21
2022/04/09 23:46,0,17
2022/04/09 23:47,0,25
2022/04/09 23:48,0,25
2022/04/09 23:49,0,21
2022/04/09 23:50,0,14
2022/04/09 23:50,0,15
2022/04/09 23:50,0,19
2022/04/09 23:50,0,23
2022/04/09 23:50,0,13
2022/04/09 23:50,0,23
2022/04/09 23:50,0,14
2022/04/09 23:51,0,20
2022/04/09 23:51,0,12
2022/04/09 23:51,0,24
2022/04/09 23:52,0,14
2022/04/09 23:52,0,18
2022/04/09 23:53,0,21
2022/04/09 23:54,0,23
2022/04/09 23:54,0,23
2022/04/09 23:54,0,18
2022/04/09 23:55,0,19
2022/04/09 23:55,0,25
2022/04/09 23:57,0,10
2022/04/09 23:57,0,18
2022/04/09 23:57,0,22
2022/04/09 23:57,0,20
2022/04/09 23:58,0,12
2022/04/09 23:59,0,14
2022/04/09 23:59,0,22
